Time[s], Radio -> Head, Head -> Radio, Channel 2, Channel 3, Channel 4, Channel 5, Channel 6, Channel 7
0, 1, 1, 1, 1, 1, 1, 1, 1
0.143488291666667, 0, 1, 1, 1, 1, 1, 1, 1
0.143564125, 1, 1, 1, 1, 1, 1, 1, 1
0.143618291666667, 0, 1, 1, 1, 1, 1, 1, 1
0.143668125, 1, 1, 1, 1, 1, 1, 1, 1
0.143696291666667, 0, 1, 1, 1, 1, 1, 1, 1
0.143720166666667, 1, 1, 1, 1, 1, 1, 1, 1
0.143748333333333, 0, 1, 1, 1, 1, 1, 1, 1
0.143772166666667, 1, 1, 1, 1, 1, 1, 1, 1
0.143826291666667, 0, 1, 1, 1, 1, 1, 1, 1
0.143928125, 1, 1, 1, 1, 1, 1, 1, 1
0.143956375, 0, 1, 1, 1, 1, 1, 1, 1
0.143980208333333, 1, 1, 1, 1, 1, 1, 1, 1
0.144008333333333, 0, 1, 1, 1, 1, 1, 1, 1
0.144032166666667, 1, 1, 1, 1, 1, 1, 1, 1
0.144086333333333, 0, 1, 1, 1, 1, 1, 1, 1
0.144136208333333, 1, 1, 1, 1, 1, 1, 1, 1
0.144164333333333, 0, 1, 1, 1, 1, 1, 1, 1
0.144188208333333, 1, 1, 1, 1, 1, 1, 1, 1
0.144216333333333, 0, 1, 1, 1, 1, 1, 1, 1
0.144240208333333, 1, 1, 1, 1, 1, 1, 1, 1
0.144268375, 0, 1, 1, 1, 1, 1, 1, 1
0.144292208333333, 1, 1, 1, 1, 1, 1, 1, 1
0.144320333333333, 0, 1, 1, 1, 1, 1, 1, 1
0.144448208333333, 1, 1, 1, 1, 1, 1, 1, 1
0.144476375, 0, 1, 1, 1, 1, 1, 1, 1
0.14450025, 1, 1, 1, 1, 1, 1, 1, 1
0.144528416666667, 0, 1, 1, 1, 1, 1, 1, 1
0.14457825, 1, 1, 1, 1, 1, 1, 1, 1
0.144606375, 0, 1, 1, 1, 1, 1, 1, 1
0.14463025, 1, 1, 1, 1, 1, 1, 1, 1
0.144788458333333, 0, 1, 1, 1, 1, 1, 1, 1
0.144812291666667, 1, 1, 1, 1, 1, 1, 1, 1
0.144840375, 0, 1, 1, 1, 1, 1, 1, 1
0.144916291666667, 1, 1, 1, 1, 1, 1, 1, 1
0.144944458333333, 0, 1, 1, 1, 1, 1, 1, 1
0.144968291666667, 1, 1, 1, 1, 1, 1, 1, 1
0.144996416666667, 0, 1, 1, 1, 1, 1, 1, 1
0.145020291666667, 1, 1, 1, 1, 1, 1, 1, 1
0.145048458333333, 0, 1, 1, 1, 1, 1, 1, 1
0.145202291666667, 1, 1, 1, 1, 1, 1, 1, 1
0.145230458333333, 0, 1, 1, 1, 1, 1, 1, 1
0.145254291666667, 1, 1, 1, 1, 1, 1, 1, 1
0.145308375, 0, 1, 1, 1, 1, 1, 1, 1
0.145540333333333, 1, 1, 1, 1, 1, 1, 1, 1
0.1455685, 0, 1, 1, 1, 1, 1, 1, 1
0.145618333333333, 1, 1, 1, 1, 1, 1, 1, 1
0.145646541666667, 0, 1, 1, 1, 1, 1, 1, 1
0.145670333333333, 1, 1, 1, 1, 1, 1, 1, 1
0.1456985, 0, 1, 1, 1, 1, 1, 1, 1
0.145800375, 1, 1, 1, 1, 1, 1, 1, 1
0.145828458333333, 0, 1, 1, 1, 1, 1, 1, 1
0.146060375, 1, 1, 1, 1, 1, 1, 1, 1
0.146088541666667, 0, 1, 1, 1, 1, 1, 1, 1
0.146112416666667, 1, 1, 1, 1, 1, 1, 1, 1
0.146166583333333, 0, 1, 1, 1, 1, 1, 1, 1
0.146190416666667, 1, 1, 1, 1, 1, 1, 1, 1
0.146218541666667, 0, 1, 1, 1, 1, 1, 1, 1
0.146320416666667, 1, 1, 1, 1, 1, 1, 1, 1
0.146348583333333, 0, 1, 1, 1, 1, 1, 1, 1
0.146528416666667, 1, 1, 1, 1, 1, 1, 1, 1
0.146608625, 0, 1, 1, 1, 1, 1, 1, 1
0.146658458333333, 1, 1, 1, 1, 1, 1, 1, 1
0.146738583333333, 0, 1, 1, 1, 1, 1, 1, 1
0.146840458333333, 1, 1, 1, 1, 1, 1, 1, 1
0.146868625, 0, 1, 1, 1, 1, 1, 1, 1
0.1469965, 1, 1, 1, 1, 1, 1, 1, 1
0.147024625, 0, 1, 1, 1, 1, 1, 1, 1
0.1471005, 1, 1, 1, 1, 1, 1, 1, 1
0.147128666666667, 0, 1, 1, 1, 1, 1, 1, 1
0.1471525, 1, 1, 1, 1, 1, 1, 1, 1
0.147206625, 0, 1, 1, 1, 1, 1, 1, 1
0.1472305, 1, 1, 1, 1, 1, 1, 1, 1
0.147258666666667, 0, 1, 1, 1, 1, 1, 1, 1
0.147360541666667, 1, 1, 1, 1, 1, 1, 1, 1
0.147388708333333, 0, 1, 1, 1, 1, 1, 1, 1
0.147620541666667, 1, 1, 1, 1, 1, 1, 1, 1
0.147648708333333, 0, 1, 1, 1, 1, 1, 1, 1
0.147672541666667, 1, 1, 1, 1, 1, 1, 1, 1
0.147726708333333, 0, 1, 1, 1, 1, 1, 1, 1
0.147750541666667, 1, 1, 1, 1, 1, 1, 1, 1
0.147778708333333, 0, 1, 1, 1, 1, 1, 1, 1
0.147880583333333, 1, 1, 1, 1, 1, 1, 1, 1
0.14790875, 0, 1, 1, 1, 1, 1, 1, 1
0.147984583333333, 1, 1, 1, 1, 1, 1, 1, 1
0.14816875, 0, 1, 1, 1, 1, 1, 1, 1
0.148400625, 1, 1, 1, 1, 1, 1, 1, 1
0.148428833333333, 0, 1, 1, 1, 1, 1, 1, 1
0.148660666666667, 1, 1, 1, 1, 1, 1, 1, 1
0.148688833333333, 0, 1, 1, 1, 1, 1, 1, 1
0.148920666666667, 1, 1, 1, 1, 1, 1, 1, 1
0.148948875, 0, 1, 1, 1, 1, 1, 1, 1
0.149180708333333, 1, 1, 1, 1, 1, 1, 1, 1
0.149208833333333, 0, 1, 1, 1, 1, 1, 1, 1
0.149232708333333, 1, 1, 1, 1, 1, 1, 1, 1
0.149260875, 0, 1, 1, 1, 1, 1, 1, 1
0.149310708333333, 1, 1, 1, 1, 1, 1, 1, 1
0.149338916666667, 0, 1, 1, 1, 1, 1, 1, 1
0.14936275, 1, 1, 1, 1, 1, 1, 1, 1
0.149390875, 0, 1, 1, 1, 1, 1, 1, 1
0.149414708333333, 1, 1, 1, 1, 1, 1, 1, 1
0.149468875, 0, 1, 1, 1, 1, 1, 1, 1
0.14951875, 1, 1, 1, 1, 1, 1, 1, 1
0.149546833333333, 0, 1, 1, 1, 1, 1, 1, 1
0.14957075, 1, 1, 1, 1, 1, 1, 1, 1
0.149624875, 0, 1, 1, 1, 1, 1, 1, 1
0.14967475, 1, 1, 1, 1, 1, 1, 1, 1
0.149728916666667, 0, 1, 1, 1, 1, 1, 1, 1
0.149882791666667, 1, 1, 1, 1, 1, 1, 1, 1
0.149910875, 0, 1, 1, 1, 1, 1, 1, 1
0.149934791666667, 1, 1, 1, 1, 1, 1, 1, 1
0.149988916666667, 0, 1, 1, 1, 1, 1, 1, 1
0.150012791666667, 1, 1, 1, 1, 1, 1, 1, 1
0.150040958333333, 0, 1, 1, 1, 1, 1, 1, 1
0.150220791666667, 1, 1, 1, 1, 1, 1, 1, 1
0.150249, 0, 1, 1, 1, 1, 1, 1, 1
0.150272833333333, 1, 1, 1, 1, 1, 1, 1, 1
0.150300916666667, 0, 1, 1, 1, 1, 1, 1, 1
0.150402833333333, 1, 1, 1, 1, 1, 1, 1, 1
0.150457, 0, 1, 1, 1, 1, 1, 1, 1
0.150480833333333, 1, 1, 1, 1, 1, 1, 1, 1
0.150509, 0, 1, 1, 1, 1, 1, 1, 1
0.150584833333333, 1, 1, 1, 1, 1, 1, 1, 1
0.150639041666667, 0, 1, 1, 1, 1, 1, 1, 1
0.150714875, 1, 1, 1, 1, 1, 1, 1, 1
0.150769041666667, 0, 1, 1, 1, 1, 1, 1, 1
0.150896875, 1, 1, 1, 1, 1, 1, 1, 1
0.150951041666667, 0, 1, 1, 1, 1, 1, 1, 1
0.150974875, 1, 1, 1, 1, 1, 1, 1, 1
0.151029083333333, 0, 1, 1, 1, 1, 1, 1, 1
0.151052916666667, 1, 1, 1, 1, 1, 1, 1, 1
0.151107041666667, 0, 1, 1, 1, 1, 1, 1, 1
0.151130875, 1, 1, 1, 1, 1, 1, 1, 1
0.151159, 0, 1, 1, 1, 1, 1, 1, 1
0.151234916666667, 1, 1, 1, 1, 1, 1, 1, 1
0.151289041666667, 0, 1, 1, 1, 1, 1, 1, 1
0.151312916666667, 1, 1, 1, 1, 1, 1, 1, 1
0.151367041666667, 0, 1, 1, 1, 1, 1, 1, 1
0.151416875, 1, 1, 1, 1, 1, 1, 1, 1
0.151445083333333, 0, 1, 1, 1, 1, 1, 1, 1
0.151520916666667, 1, 1, 1, 1, 1, 1, 1, 1
0.151549125, 0, 1, 1, 1, 1, 1, 1, 1
0.151624958333333, 1, 1, 1, 1, 1, 1, 1, 1
0.151679166666667, 0, 1, 1, 1, 1, 1, 1, 1
0.151754958333333, 1, 1, 1, 1, 1, 1, 1, 1
0.151809083333333, 0, 1, 1, 1, 1, 1, 1, 1
0.151885, 1, 1, 1, 1, 1, 1, 1, 1
0.151913166666667, 0, 1, 1, 1, 1, 1, 1, 1
0.152041, 1, 1, 1, 1, 1, 1, 1, 1
0.152069166666667, 0, 1, 1, 1, 1, 1, 1, 1
0.152171, 1, 1, 1, 1, 1, 1, 1, 1
0.152199208333333, 0, 1, 1, 1, 1, 1, 1, 1
0.152301041666667, 1, 1, 1, 1, 1, 1, 1, 1
0.243496, 0, 1, 1, 1, 1, 1, 1, 1
0.243571833333333, 1, 1, 1, 1, 1, 1, 1, 1
0.243626, 0, 1, 1, 1, 1, 1, 1, 1
0.243675833333333, 1, 1, 1, 1, 1, 1, 1, 1
0.243704, 0, 1, 1, 1, 1, 1, 1, 1
0.243727833333333, 1, 1, 1, 1, 1, 1, 1, 1
0.243756, 0, 1, 1, 1, 1, 1, 1, 1
0.243779833333333, 1, 1, 1, 1, 1, 1, 1, 1
0.243833958333333, 0, 1, 1, 1, 1, 1, 1, 1
0.243935875, 1, 1, 1, 1, 1, 1, 1, 1
0.243964, 0, 1, 1, 1, 1, 1, 1, 1
0.243987875, 1, 1, 1, 1, 1, 1, 1, 1
0.244016041666667, 0, 1, 1, 1, 1, 1, 1, 1
0.244039875, 1, 1, 1, 1, 1, 1, 1, 1
0.244094041666667, 0, 1, 1, 1, 1, 1, 1, 1
0.244143875, 1, 1, 1, 1, 1, 1, 1, 1
0.244172083333333, 0, 1, 1, 1, 1, 1, 1, 1
0.244195916666667, 1, 1, 1, 1, 1, 1, 1, 1
0.244224, 0, 1, 1, 1, 1, 1, 1, 1
0.244247875, 1, 1, 1, 1, 1, 1, 1, 1
0.244276083333333, 0, 1, 1, 1, 1, 1, 1, 1
0.244299875, 1, 1, 1, 1, 1, 1, 1, 1
0.244328041666667, 0, 1, 1, 1, 1, 1, 1, 1
0.244455916666667, 1, 1, 1, 1, 1, 1, 1, 1
0.244484083333333, 0, 1, 1, 1, 1, 1, 1, 1
0.244507875, 1, 1, 1, 1, 1, 1, 1, 1
0.244536125, 0, 1, 1, 1, 1, 1, 1, 1
0.244585916666667, 1, 1, 1, 1, 1, 1, 1, 1
0.244614, 0, 1, 1, 1, 1, 1, 1, 1
0.244637958333333, 1, 1, 1, 1, 1, 1, 1, 1
0.244796125, 0, 1, 1, 1, 1, 1, 1, 1
0.244819958333333, 1, 1, 1, 1, 1, 1, 1, 1
0.244848125, 0, 1, 1, 1, 1, 1, 1, 1
0.244923958333333, 1, 1, 1, 1, 1, 1, 1, 1
0.244952125, 0, 1, 1, 1, 1, 1, 1, 1
0.244975958333333, 1, 1, 1, 1, 1, 1, 1, 1
0.245004166666667, 0, 1, 1, 1, 1, 1, 1, 1
0.245028, 1, 1, 1, 1, 1, 1, 1, 1
0.245056083333333, 0, 1, 1, 1, 1, 1, 1, 1
0.24521, 1, 1, 1, 1, 1, 1, 1, 1
0.245238166666667, 0, 1, 1, 1, 1, 1, 1, 1
0.245262, 1, 1, 1, 1, 1, 1, 1, 1
0.245316208333333, 0, 1, 1, 1, 1, 1, 1, 1
0.245548, 1, 1, 1, 1, 1, 1, 1, 1
0.245576208333333, 0, 1, 1, 1, 1, 1, 1, 1
0.245626041666667, 1, 1, 1, 1, 1, 1, 1, 1
0.245654125, 0, 1, 1, 1, 1, 1, 1, 1
0.245678041666667, 1, 1, 1, 1, 1, 1, 1, 1
0.245706166666667, 0, 1, 1, 1, 1, 1, 1, 1
0.245808041666667, 1, 1, 1, 1, 1, 1, 1, 1
0.245836208333333, 0, 1, 1, 1, 1, 1, 1, 1
0.246068083333333, 1, 1, 1, 1, 1, 1, 1, 1
0.24609625, 0, 1, 1, 1, 1, 1, 1, 1
0.246120083333333, 1, 1, 1, 1, 1, 1, 1, 1
0.24617425, 0, 1, 1, 1, 1, 1, 1, 1
0.246198083333333, 1, 1, 1, 1, 1, 1, 1, 1
0.24622625, 0, 1, 1, 1, 1, 1, 1, 1
0.246328083333333, 1, 1, 1, 1, 1, 1, 1, 1
0.246356291666667, 0, 1, 1, 1, 1, 1, 1, 1
0.246536125, 1, 1, 1, 1, 1, 1, 1, 1
0.246616291666667, 0, 1, 1, 1, 1, 1, 1, 1
0.246666166666667, 1, 1, 1, 1, 1, 1, 1, 1
0.246746333333333, 0, 1, 1, 1, 1, 1, 1, 1
0.246848125, 1, 1, 1, 1, 1, 1, 1, 1
0.246876291666667, 0, 1, 1, 1, 1, 1, 1, 1
0.247004166666667, 1, 1, 1, 1, 1, 1, 1, 1
0.247032291666667, 0, 1, 1, 1, 1, 1, 1, 1
0.247108166666667, 1, 1, 1, 1, 1, 1, 1, 1
0.247136375, 0, 1, 1, 1, 1, 1, 1, 1
0.247160208333333, 1, 1, 1, 1, 1, 1, 1, 1
0.247214333333333, 0, 1, 1, 1, 1, 1, 1, 1
0.247238208333333, 1, 1, 1, 1, 1, 1, 1, 1
0.247266375, 0, 1, 1, 1, 1, 1, 1, 1
0.247368208333333, 1, 1, 1, 1, 1, 1, 1, 1
0.247396333333333, 0, 1, 1, 1, 1, 1, 1, 1
0.24762825, 1, 1, 1, 1, 1, 1, 1, 1
0.247656416666667, 0, 1, 1, 1, 1, 1, 1, 1
0.24768025, 1, 1, 1, 1, 1, 1, 1, 1
0.247734416666667, 0, 1, 1, 1, 1, 1, 1, 1
0.24775825, 1, 1, 1, 1, 1, 1, 1, 1
0.247786416666667, 0, 1, 1, 1, 1, 1, 1, 1
0.24788825, 1, 1, 1, 1, 1, 1, 1, 1
0.247916416666667, 0, 1, 1, 1, 1, 1, 1, 1
0.24801825, 1, 1, 1, 1, 1, 1, 1, 1
0.2481765, 0, 1, 1, 1, 1, 1, 1, 1
0.248408333333333, 1, 1, 1, 1, 1, 1, 1, 1
0.2484365, 0, 1, 1, 1, 1, 1, 1, 1
0.248668333333333, 1, 1, 1, 1, 1, 1, 1, 1
0.248696458333333, 0, 1, 1, 1, 1, 1, 1, 1
0.248928375, 1, 1, 1, 1, 1, 1, 1, 1
0.2489565, 0, 1, 1, 1, 1, 1, 1, 1
0.249188416666667, 1, 1, 1, 1, 1, 1, 1, 1
0.249216541666667, 0, 1, 1, 1, 1, 1, 1, 1
0.249240416666667, 1, 1, 1, 1, 1, 1, 1, 1
0.249268541666667, 0, 1, 1, 1, 1, 1, 1, 1
0.249318416666667, 1, 1, 1, 1, 1, 1, 1, 1
0.249346541666667, 0, 1, 1, 1, 1, 1, 1, 1
0.249370416666667, 1, 1, 1, 1, 1, 1, 1, 1
0.249398583333333, 0, 1, 1, 1, 1, 1, 1, 1
0.249422416666667, 1, 1, 1, 1, 1, 1, 1, 1
0.249476625, 0, 1, 1, 1, 1, 1, 1, 1
0.249526416666667, 1, 1, 1, 1, 1, 1, 1, 1
0.249554583333333, 0, 1, 1, 1, 1, 1, 1, 1
0.249578416666667, 1, 1, 1, 1, 1, 1, 1, 1
0.249632625, 0, 1, 1, 1, 1, 1, 1, 1
0.249682458333333, 1, 1, 1, 1, 1, 1, 1, 1
0.249736583333333, 0, 1, 1, 1, 1, 1, 1, 1
0.249890458333333, 1, 1, 1, 1, 1, 1, 1, 1
0.249918625, 0, 1, 1, 1, 1, 1, 1, 1
0.2499425, 1, 1, 1, 1, 1, 1, 1, 1
0.249996666666667, 0, 1, 1, 1, 1, 1, 1, 1
0.2500205, 1, 1, 1, 1, 1, 1, 1, 1
0.250048625, 0, 1, 1, 1, 1, 1, 1, 1
0.2502285, 1, 1, 1, 1, 1, 1, 1, 1
0.250256666666667, 0, 1, 1, 1, 1, 1, 1, 1
0.2502805, 1, 1, 1, 1, 1, 1, 1, 1
0.250308666666667, 0, 1, 1, 1, 1, 1, 1, 1
0.2504105, 1, 1, 1, 1, 1, 1, 1, 1
0.250464708333333, 0, 1, 1, 1, 1, 1, 1, 1
0.250488541666667, 1, 1, 1, 1, 1, 1, 1, 1
0.250516708333333, 0, 1, 1, 1, 1, 1, 1, 1
0.250592541666667, 1, 1, 1, 1, 1, 1, 1, 1
0.250646666666667, 0, 1, 1, 1, 1, 1, 1, 1
0.250722541666667, 1, 1, 1, 1, 1, 1, 1, 1
0.25077675, 0, 1, 1, 1, 1, 1, 1, 1
0.250904583333333, 1, 1, 1, 1, 1, 1, 1, 1
0.25095875, 0, 1, 1, 1, 1, 1, 1, 1
0.250982583333333, 1, 1, 1, 1, 1, 1, 1, 1
0.251036708333333, 0, 1, 1, 1, 1, 1, 1, 1
0.251060583333333, 1, 1, 1, 1, 1, 1, 1, 1
0.25111475, 0, 1, 1, 1, 1, 1, 1, 1
0.251138583333333, 1, 1, 1, 1, 1, 1, 1, 1
0.25116675, 0, 1, 1, 1, 1, 1, 1, 1
0.251242625, 1, 1, 1, 1, 1, 1, 1, 1
0.251296791666667, 0, 1, 1, 1, 1, 1, 1, 1
0.251320625, 1, 1, 1, 1, 1, 1, 1, 1
0.251374791666667, 0, 1, 1, 1, 1, 1, 1, 1
0.251424625, 1, 1, 1, 1, 1, 1, 1, 1
0.251452791666667, 0, 1, 1, 1, 1, 1, 1, 1
0.251528625, 1, 1, 1, 1, 1, 1, 1, 1
0.25155675, 0, 1, 1, 1, 1, 1, 1, 1
0.251632625, 1, 1, 1, 1, 1, 1, 1, 1
0.251686791666667, 0, 1, 1, 1, 1, 1, 1, 1
0.251762666666667, 1, 1, 1, 1, 1, 1, 1, 1
0.251816833333333, 0, 1, 1, 1, 1, 1, 1, 1
0.251892666666667, 1, 1, 1, 1, 1, 1, 1, 1
0.251920833333333, 0, 1, 1, 1, 1, 1, 1, 1
0.252048666666667, 1, 1, 1, 1, 1, 1, 1, 1
0.252076833333333, 0, 1, 1, 1, 1, 1, 1, 1
0.252178708333333, 1, 1, 1, 1, 1, 1, 1, 1
0.252206875, 0, 1, 1, 1, 1, 1, 1, 1
0.252308708333333, 1, 1, 1, 1, 1, 1, 1, 1
0.272466166666667, 0, 1, 1, 1, 1, 1, 1, 1
0.272542, 1, 1, 1, 1, 1, 1, 1, 1
0.272596125, 0, 1, 1, 1, 1, 1, 1, 1
0.272646, 1, 1, 1, 1, 1, 1, 1, 1
0.272674083333333, 0, 1, 1, 1, 1, 1, 1, 1
0.272698, 1, 1, 1, 1, 1, 1, 1, 1
0.272726166666667, 0, 1, 1, 1, 1, 1, 1, 1
0.27275, 1, 1, 1, 1, 1, 1, 1, 1
0.272804125, 0, 1, 1, 1, 1, 1, 1, 1
0.272906041666667, 1, 1, 1, 1, 1, 1, 1, 1
0.272934208333333, 0, 1, 1, 1, 1, 1, 1, 1
0.272958041666667, 1, 1, 1, 1, 1, 1, 1, 1
0.272986208333333, 0, 1, 1, 1, 1, 1, 1, 1
0.273010083333333, 1, 1, 1, 1, 1, 1, 1, 1
0.273064208333333, 0, 1, 1, 1, 1, 1, 1, 1
0.273114041666667, 1, 1, 1, 1, 1, 1, 1, 1
0.273142208333333, 0, 1, 1, 1, 1, 1, 1, 1
0.273166083333333, 1, 1, 1, 1, 1, 1, 1, 1
0.273194166666667, 0, 1, 1, 1, 1, 1, 1, 1
0.273218083333333, 1, 1, 1, 1, 1, 1, 1, 1
0.27324625, 0, 1, 1, 1, 1, 1, 1, 1
0.273270083333333, 1, 1, 1, 1, 1, 1, 1, 1
0.27329825, 0, 1, 1, 1, 1, 1, 1, 1
0.273426083333333, 1, 1, 1, 1, 1, 1, 1, 1
0.27345425, 0, 1, 1, 1, 1, 1, 1, 1
0.273478125, 1, 1, 1, 1, 1, 1, 1, 1
0.27350625, 0, 1, 1, 1, 1, 1, 1, 1
0.273556083333333, 1, 1, 1, 1, 1, 1, 1, 1
0.27358425, 0, 1, 1, 1, 1, 1, 1, 1
0.273608125, 1, 1, 1, 1, 1, 1, 1, 1
0.273766291666667, 0, 1, 1, 1, 1, 1, 1, 1
0.273790125, 1, 1, 1, 1, 1, 1, 1, 1
0.273818291666667, 0, 1, 1, 1, 1, 1, 1, 1
0.273894125, 1, 1, 1, 1, 1, 1, 1, 1
0.27392225, 0, 1, 1, 1, 1, 1, 1, 1
0.273946125, 1, 1, 1, 1, 1, 1, 1, 1
0.273974333333333, 0, 1, 1, 1, 1, 1, 1, 1
0.273998166666667, 1, 1, 1, 1, 1, 1, 1, 1
0.27402625, 0, 1, 1, 1, 1, 1, 1, 1
0.274180166666667, 1, 1, 1, 1, 1, 1, 1, 1
0.274208333333333, 0, 1, 1, 1, 1, 1, 1, 1
0.274232166666667, 1, 1, 1, 1, 1, 1, 1, 1
0.274286333333333, 0, 1, 1, 1, 1, 1, 1, 1
0.274518208333333, 1, 1, 1, 1, 1, 1, 1, 1
0.274546333333333, 0, 1, 1, 1, 1, 1, 1, 1
0.274596208333333, 1, 1, 1, 1, 1, 1, 1, 1
0.274624291666667, 0, 1, 1, 1, 1, 1, 1, 1
0.274648208333333, 1, 1, 1, 1, 1, 1, 1, 1
0.274676375, 0, 1, 1, 1, 1, 1, 1, 1
0.274778208333333, 1, 1, 1, 1, 1, 1, 1, 1
0.274806375, 0, 1, 1, 1, 1, 1, 1, 1
0.27503825, 1, 1, 1, 1, 1, 1, 1, 1
0.275066416666667, 0, 1, 1, 1, 1, 1, 1, 1
0.27509025, 1, 1, 1, 1, 1, 1, 1, 1
0.275144375, 0, 1, 1, 1, 1, 1, 1, 1
0.27516825, 1, 1, 1, 1, 1, 1, 1, 1
0.275196416666667, 0, 1, 1, 1, 1, 1, 1, 1
0.27529825, 1, 1, 1, 1, 1, 1, 1, 1
0.275326458333333, 0, 1, 1, 1, 1, 1, 1, 1
0.275506291666667, 1, 1, 1, 1, 1, 1, 1, 1
0.275586458333333, 0, 1, 1, 1, 1, 1, 1, 1
0.275636291666667, 1, 1, 1, 1, 1, 1, 1, 1
0.275716458333333, 0, 1, 1, 1, 1, 1, 1, 1
0.275818333333333, 1, 1, 1, 1, 1, 1, 1, 1
0.2758465, 0, 1, 1, 1, 1, 1, 1, 1
0.275974333333333, 1, 1, 1, 1, 1, 1, 1, 1
0.2760025, 0, 1, 1, 1, 1, 1, 1, 1
0.276078333333333, 1, 1, 1, 1, 1, 1, 1, 1
0.2761065, 0, 1, 1, 1, 1, 1, 1, 1
0.276130375, 1, 1, 1, 1, 1, 1, 1, 1
0.2761845, 0, 1, 1, 1, 1, 1, 1, 1
0.276208333333333, 1, 1, 1, 1, 1, 1, 1, 1
0.276236541666667, 0, 1, 1, 1, 1, 1, 1, 1
0.276338416666667, 1, 1, 1, 1, 1, 1, 1, 1
0.2763665, 0, 1, 1, 1, 1, 1, 1, 1
0.276598416666667, 1, 1, 1, 1, 1, 1, 1, 1
0.276626583333333, 0, 1, 1, 1, 1, 1, 1, 1
0.276650416666667, 1, 1, 1, 1, 1, 1, 1, 1
0.276704583333333, 0, 1, 1, 1, 1, 1, 1, 1
0.276728416666667, 1, 1, 1, 1, 1, 1, 1, 1
0.276756583333333, 0, 1, 1, 1, 1, 1, 1, 1
0.276858416666667, 1, 1, 1, 1, 1, 1, 1, 1
0.276886583333333, 0, 1, 1, 1, 1, 1, 1, 1
0.276988458333333, 1, 1, 1, 1, 1, 1, 1, 1
0.277146625, 0, 1, 1, 1, 1, 1, 1, 1
0.277378458333333, 1, 1, 1, 1, 1, 1, 1, 1
0.277406625, 0, 1, 1, 1, 1, 1, 1, 1
0.2776385, 1, 1, 1, 1, 1, 1, 1, 1
0.277666666666667, 0, 1, 1, 1, 1, 1, 1, 1
0.277898541666667, 1, 1, 1, 1, 1, 1, 1, 1
0.277926708333333, 0, 1, 1, 1, 1, 1, 1, 1
0.278158583333333, 1, 1, 1, 1, 1, 1, 1, 1
0.278186666666667, 0, 1, 1, 1, 1, 1, 1, 1
0.278210583333333, 1, 1, 1, 1, 1, 1, 1, 1
0.278238708333333, 0, 1, 1, 1, 1, 1, 1, 1
0.278288583333333, 1, 1, 1, 1, 1, 1, 1, 1
0.278316708333333, 0, 1, 1, 1, 1, 1, 1, 1
0.278340583333333, 1, 1, 1, 1, 1, 1, 1, 1
0.27836875, 0, 1, 1, 1, 1, 1, 1, 1
0.278392583333333, 1, 1, 1, 1, 1, 1, 1, 1
0.27844675, 0, 1, 1, 1, 1, 1, 1, 1
0.278496583333333, 1, 1, 1, 1, 1, 1, 1, 1
0.27852475, 0, 1, 1, 1, 1, 1, 1, 1
0.278548583333333, 1, 1, 1, 1, 1, 1, 1, 1
0.278602791666667, 0, 1, 1, 1, 1, 1, 1, 1
0.278652583333333, 1, 1, 1, 1, 1, 1, 1, 1
0.278706791666667, 0, 1, 1, 1, 1, 1, 1, 1
0.278860666666667, 1, 1, 1, 1, 1, 1, 1, 1
0.278888791666667, 0, 1, 1, 1, 1, 1, 1, 1
0.278912625, 1, 1, 1, 1, 1, 1, 1, 1
0.278966833333333, 0, 1, 1, 1, 1, 1, 1, 1
0.278990666666667, 1, 1, 1, 1, 1, 1, 1, 1
0.27901875, 0, 1, 1, 1, 1, 1, 1, 1
0.279198666666667, 1, 1, 1, 1, 1, 1, 1, 1
0.279226833333333, 0, 1, 1, 1, 1, 1, 1, 1
0.279250666666667, 1, 1, 1, 1, 1, 1, 1, 1
0.279278833333333, 0, 1, 1, 1, 1, 1, 1, 1
0.279380666666667, 1, 1, 1, 1, 1, 1, 1, 1
0.279434875, 0, 1, 1, 1, 1, 1, 1, 1
0.279458666666667, 1, 1, 1, 1, 1, 1, 1, 1
0.279486875, 0, 1, 1, 1, 1, 1, 1, 1
0.279562708333333, 1, 1, 1, 1, 1, 1, 1, 1
0.279616791666667, 0, 1, 1, 1, 1, 1, 1, 1
0.279692708333333, 1, 1, 1, 1, 1, 1, 1, 1
0.279746875, 0, 1, 1, 1, 1, 1, 1, 1
0.279874708333333, 1, 1, 1, 1, 1, 1, 1, 1
0.279928875, 0, 1, 1, 1, 1, 1, 1, 1
0.27995275, 1, 1, 1, 1, 1, 1, 1, 1
0.280006916666667, 0, 1, 1, 1, 1, 1, 1, 1
0.28003075, 1, 1, 1, 1, 1, 1, 1, 1
0.280084916666667, 0, 1, 1, 1, 1, 1, 1, 1
0.28010875, 1, 1, 1, 1, 1, 1, 1, 1
0.280136916666667, 0, 1, 1, 1, 1, 1, 1, 1
0.280212791666667, 1, 1, 1, 1, 1, 1, 1, 1
0.280266958333333, 0, 1, 1, 1, 1, 1, 1, 1
0.28029075, 1, 1, 1, 1, 1, 1, 1, 1
0.280344916666667, 0, 1, 1, 1, 1, 1, 1, 1
0.280394791666667, 1, 1, 1, 1, 1, 1, 1, 1
0.280422958333333, 0, 1, 1, 1, 1, 1, 1, 1
0.280498791666667, 1, 1, 1, 1, 1, 1, 1, 1
0.280526916666667, 0, 1, 1, 1, 1, 1, 1, 1
0.280602833333333, 1, 1, 1, 1, 1, 1, 1, 1
0.280656958333333, 0, 1, 1, 1, 1, 1, 1, 1
0.280732833333333, 1, 1, 1, 1, 1, 1, 1, 1
0.280787, 0, 1, 1, 1, 1, 1, 1, 1
0.280862833333333, 1, 1, 1, 1, 1, 1, 1, 1
0.280891, 0, 1, 1, 1, 1, 1, 1, 1
0.281018875, 1, 1, 1, 1, 1, 1, 1, 1
0.281047, 0, 1, 1, 1, 1, 1, 1, 1
0.281148833333333, 1, 1, 1, 1, 1, 1, 1, 1
0.281177041666667, 0, 1, 1, 1, 1, 1, 1, 1
0.281278833333333, 1, 1, 1, 1, 1, 1, 1, 1
0.572667958333333, 0, 1, 1, 1, 1, 1, 1, 1
0.572743833333333, 1, 1, 1, 1, 1, 1, 1, 1
0.572798, 0, 1, 1, 1, 1, 1, 1, 1
0.572847833333333, 1, 1, 1, 1, 1, 1, 1, 1
0.572876041666667, 0, 1, 1, 1, 1, 1, 1, 1
0.572899875, 1, 1, 1, 1, 1, 1, 1, 1
0.572928, 0, 1, 1, 1, 1, 1, 1, 1
0.572951833333333, 1, 1, 1, 1, 1, 1, 1, 1
0.573006041666667, 0, 1, 1, 1, 1, 1, 1, 1
0.573107875, 1, 1, 1, 1, 1, 1, 1, 1
0.573136, 0, 1, 1, 1, 1, 1, 1, 1
0.573159875, 1, 1, 1, 1, 1, 1, 1, 1
0.573188041666667, 0, 1, 1, 1, 1, 1, 1, 1
0.573211875, 1, 1, 1, 1, 1, 1, 1, 1
0.573266041666667, 0, 1, 1, 1, 1, 1, 1, 1
0.573315875, 1, 1, 1, 1, 1, 1, 1, 1
0.573344041666667, 0, 1, 1, 1, 1, 1, 1, 1
0.573367916666667, 1, 1, 1, 1, 1, 1, 1, 1
0.573396041666667, 0, 1, 1, 1, 1, 1, 1, 1
0.573419916666667, 1, 1, 1, 1, 1, 1, 1, 1
0.573448041666667, 0, 1, 1, 1, 1, 1, 1, 1
0.573471916666667, 1, 1, 1, 1, 1, 1, 1, 1
0.573500083333333, 0, 1, 1, 1, 1, 1, 1, 1
0.573627916666667, 1, 1, 1, 1, 1, 1, 1, 1
0.573656083333333, 0, 1, 1, 1, 1, 1, 1, 1
0.573679916666667, 1, 1, 1, 1, 1, 1, 1, 1
0.573708083333333, 0, 1, 1, 1, 1, 1, 1, 1
0.573757916666667, 1, 1, 1, 1, 1, 1, 1, 1
0.573786125, 0, 1, 1, 1, 1, 1, 1, 1
0.573809916666667, 1, 1, 1, 1, 1, 1, 1, 1
0.573968083333333, 0, 1, 1, 1, 1, 1, 1, 1
0.573991958333333, 1, 1, 1, 1, 1, 1, 1, 1
0.574020125, 0, 1, 1, 1, 1, 1, 1, 1
0.574095958333333, 1, 1, 1, 1, 1, 1, 1, 1
0.574124125, 0, 1, 1, 1, 1, 1, 1, 1
0.574147958333333, 1, 1, 1, 1, 1, 1, 1, 1
0.574176125, 0, 1, 1, 1, 1, 1, 1, 1
0.5742, 1, 1, 1, 1, 1, 1, 1, 1
0.574228166666667, 0, 1, 1, 1, 1, 1, 1, 1
0.574382, 1, 1, 1, 1, 1, 1, 1, 1
0.574410166666667, 0, 1, 1, 1, 1, 1, 1, 1
0.574434, 1, 1, 1, 1, 1, 1, 1, 1
0.574488166666667, 0, 1, 1, 1, 1, 1, 1, 1
0.574720041666667, 1, 1, 1, 1, 1, 1, 1, 1
0.574748125, 0, 1, 1, 1, 1, 1, 1, 1
0.574798041666667, 1, 1, 1, 1, 1, 1, 1, 1
0.574826208333333, 0, 1, 1, 1, 1, 1, 1, 1
0.574850041666667, 1, 1, 1, 1, 1, 1, 1, 1
0.574878208333333, 0, 1, 1, 1, 1, 1, 1, 1
0.574980041666667, 1, 1, 1, 1, 1, 1, 1, 1
0.575008208333333, 0, 1, 1, 1, 1, 1, 1, 1
0.575240083333333, 1, 1, 1, 1, 1, 1, 1, 1
0.575268208333333, 0, 1, 1, 1, 1, 1, 1, 1
0.575292083333333, 1, 1, 1, 1, 1, 1, 1, 1
0.575346208333333, 0, 1, 1, 1, 1, 1, 1, 1
0.575370083333333, 1, 1, 1, 1, 1, 1, 1, 1
0.57539825, 0, 1, 1, 1, 1, 1, 1, 1
0.575500125, 1, 1, 1, 1, 1, 1, 1, 1
0.575528291666667, 0, 1, 1, 1, 1, 1, 1, 1
0.575708125, 1, 1, 1, 1, 1, 1, 1, 1
0.57578825, 0, 1, 1, 1, 1, 1, 1, 1
0.575838166666667, 1, 1, 1, 1, 1, 1, 1, 1
0.575918333333333, 0, 1, 1, 1, 1, 1, 1, 1
0.576020166666667, 1, 1, 1, 1, 1, 1, 1, 1
0.576048333333333, 0, 1, 1, 1, 1, 1, 1, 1
0.576176166666667, 1, 1, 1, 1, 1, 1, 1, 1
0.576204333333333, 0, 1, 1, 1, 1, 1, 1, 1
0.576280166666667, 1, 1, 1, 1, 1, 1, 1, 1
0.576308333333333, 0, 1, 1, 1, 1, 1, 1, 1
0.576332166666667, 1, 1, 1, 1, 1, 1, 1, 1
0.576386375, 0, 1, 1, 1, 1, 1, 1, 1
0.576410208333333, 1, 1, 1, 1, 1, 1, 1, 1
0.576438375, 0, 1, 1, 1, 1, 1, 1, 1
0.576540166666667, 1, 1, 1, 1, 1, 1, 1, 1
0.576568333333333, 0, 1, 1, 1, 1, 1, 1, 1
0.57680025, 1, 1, 1, 1, 1, 1, 1, 1
0.576828416666667, 0, 1, 1, 1, 1, 1, 1, 1
0.57685225, 1, 1, 1, 1, 1, 1, 1, 1
0.576906416666667, 0, 1, 1, 1, 1, 1, 1, 1
0.576930291666667, 1, 1, 1, 1, 1, 1, 1, 1
0.576958416666667, 0, 1, 1, 1, 1, 1, 1, 1
0.577060291666667, 1, 1, 1, 1, 1, 1, 1, 1
0.577088416666667, 0, 1, 1, 1, 1, 1, 1, 1
0.577190291666667, 1, 1, 1, 1, 1, 1, 1, 1
0.577348458333333, 0, 1, 1, 1, 1, 1, 1, 1
0.577580333333333, 1, 1, 1, 1, 1, 1, 1, 1
0.577608458333333, 0, 1, 1, 1, 1, 1, 1, 1
0.577840333333333, 1, 1, 1, 1, 1, 1, 1, 1
0.577868541666667, 0, 1, 1, 1, 1, 1, 1, 1
0.578100375, 1, 1, 1, 1, 1, 1, 1, 1
0.578128541666667, 0, 1, 1, 1, 1, 1, 1, 1
0.578360416666667, 1, 1, 1, 1, 1, 1, 1, 1
0.578388541666667, 0, 1, 1, 1, 1, 1, 1, 1
0.578412416666667, 1, 1, 1, 1, 1, 1, 1, 1
0.578440541666667, 0, 1, 1, 1, 1, 1, 1, 1
0.578490416666667, 1, 1, 1, 1, 1, 1, 1, 1
0.578518541666667, 0, 1, 1, 1, 1, 1, 1, 1
0.578542416666667, 1, 1, 1, 1, 1, 1, 1, 1
0.578570583333333, 0, 1, 1, 1, 1, 1, 1, 1
0.578594416666667, 1, 1, 1, 1, 1, 1, 1, 1
0.578648583333333, 0, 1, 1, 1, 1, 1, 1, 1
0.578698416666667, 1, 1, 1, 1, 1, 1, 1, 1
0.578726583333333, 0, 1, 1, 1, 1, 1, 1, 1
0.578750458333333, 1, 1, 1, 1, 1, 1, 1, 1
0.578804583333333, 0, 1, 1, 1, 1, 1, 1, 1
0.578854458333333, 1, 1, 1, 1, 1, 1, 1, 1
0.578908583333333, 0, 1, 1, 1, 1, 1, 1, 1
0.579062458333333, 1, 1, 1, 1, 1, 1, 1, 1
0.579090625, 0, 1, 1, 1, 1, 1, 1, 1
0.5791145, 1, 1, 1, 1, 1, 1, 1, 1
0.579168666666667, 0, 1, 1, 1, 1, 1, 1, 1
0.5791925, 1, 1, 1, 1, 1, 1, 1, 1
0.579220666666667, 0, 1, 1, 1, 1, 1, 1, 1
0.5794005, 1, 1, 1, 1, 1, 1, 1, 1
0.579428625, 0, 1, 1, 1, 1, 1, 1, 1
0.5794525, 1, 1, 1, 1, 1, 1, 1, 1
0.579480666666667, 0, 1, 1, 1, 1, 1, 1, 1
0.5795825, 1, 1, 1, 1, 1, 1, 1, 1
0.579636666666667, 0, 1, 1, 1, 1, 1, 1, 1
0.579660541666667, 1, 1, 1, 1, 1, 1, 1, 1
0.579688708333333, 0, 1, 1, 1, 1, 1, 1, 1
0.579764541666667, 1, 1, 1, 1, 1, 1, 1, 1
0.579818625, 0, 1, 1, 1, 1, 1, 1, 1
0.579894541666667, 1, 1, 1, 1, 1, 1, 1, 1
0.579948708333333, 0, 1, 1, 1, 1, 1, 1, 1
0.580076583333333, 1, 1, 1, 1, 1, 1, 1, 1
0.58013075, 0, 1, 1, 1, 1, 1, 1, 1
0.580154583333333, 1, 1, 1, 1, 1, 1, 1, 1
0.58020875, 0, 1, 1, 1, 1, 1, 1, 1
0.580232583333333, 1, 1, 1, 1, 1, 1, 1, 1
0.58028675, 0, 1, 1, 1, 1, 1, 1, 1
0.580310583333333, 1, 1, 1, 1, 1, 1, 1, 1
0.580338708333333, 0, 1, 1, 1, 1, 1, 1, 1
0.580414583333333, 1, 1, 1, 1, 1, 1, 1, 1
0.58046875, 0, 1, 1, 1, 1, 1, 1, 1
0.580492625, 1, 1, 1, 1, 1, 1, 1, 1
0.58054675, 0, 1, 1, 1, 1, 1, 1, 1
0.580596625, 1, 1, 1, 1, 1, 1, 1, 1
0.580624791666667, 0, 1, 1, 1, 1, 1, 1, 1
0.580700666666667, 1, 1, 1, 1, 1, 1, 1, 1
0.580728708333333, 0, 1, 1, 1, 1, 1, 1, 1
0.580804625, 1, 1, 1, 1, 1, 1, 1, 1
0.580858791666667, 0, 1, 1, 1, 1, 1, 1, 1
0.580934625, 1, 1, 1, 1, 1, 1, 1, 1
0.580988833333333, 0, 1, 1, 1, 1, 1, 1, 1
0.581064666666667, 1, 1, 1, 1, 1, 1, 1, 1
0.581092791666667, 0, 1, 1, 1, 1, 1, 1, 1
0.581220708333333, 1, 1, 1, 1, 1, 1, 1, 1
0.581248833333333, 0, 1, 1, 1, 1, 1, 1, 1
0.581350708333333, 1, 1, 1, 1, 1, 1, 1, 1
0.581378875, 0, 1, 1, 1, 1, 1, 1, 1
0.581480708333333, 1, 1, 1, 1, 1, 1, 1, 1
0.745906791666667, 1, 0, 1, 1, 1, 1, 1, 1
0.745930416666667, 1, 1, 1, 1, 1, 1, 1, 1
0.7459845, 1, 0, 1, 1, 1, 1, 1, 1
0.746034, 1, 1, 1, 1, 1, 1, 1, 1
0.746062125, 1, 0, 1, 1, 1, 1, 1, 1
0.746085791666667, 1, 1, 1, 1, 1, 1, 1, 1
0.746113916666667, 1, 0, 1, 1, 1, 1, 1, 1
0.746137541666667, 1, 1, 1, 1, 1, 1, 1, 1
0.74616575, 1, 0, 1, 1, 1, 1, 1, 1
0.746189333333333, 1, 1, 1, 1, 1, 1, 1, 1
0.74626925, 1, 0, 1, 1, 1, 1, 1, 1
0.746292916666667, 1, 1, 1, 1, 1, 1, 1, 1
0.746321083333333, 1, 0, 1, 1, 1, 1, 1, 1
0.746344666666667, 1, 1, 1, 1, 1, 1, 1, 1
0.746372875, 1, 0, 1, 1, 1, 1, 1, 1
0.746396458333333, 1, 1, 1, 1, 1, 1, 1, 1
0.746424583333333, 1, 0, 1, 1, 1, 1, 1, 1
0.746500041666667, 1, 1, 1, 1, 1, 1, 1, 1
0.746528208333333, 1, 0, 1, 1, 1, 1, 1, 1
0.746603541666667, 1, 1, 1, 1, 1, 1, 1, 1
0.746631708333333, 1, 0, 1, 1, 1, 1, 1, 1
0.746655375, 1, 1, 1, 1, 1, 1, 1, 1
0.746683541666667, 1, 0, 1, 1, 1, 1, 1, 1
0.746733041666667, 1, 1, 1, 1, 1, 1, 1, 1
0.746787041666667, 1, 0, 1, 1, 1, 1, 1, 1
0.746810708333333, 1, 1, 1, 1, 1, 1, 1, 1
0.746838833333333, 1, 0, 1, 1, 1, 1, 1, 1
0.7468625, 1, 1, 1, 1, 1, 1, 1, 1
0.746890666666667, 1, 0, 1, 1, 1, 1, 1, 1
0.746914291666667, 1, 1, 1, 1, 1, 1, 1, 1
0.746942458333333, 1, 0, 1, 1, 1, 1, 1, 1
0.746966041666667, 1, 1, 1, 1, 1, 1, 1, 1
0.746994125, 1, 0, 1, 1, 1, 1, 1, 1
0.747017833333333, 1, 1, 1, 1, 1, 1, 1, 1
0.747046, 1, 0, 1, 1, 1, 1, 1, 1
0.747069625, 1, 1, 1, 1, 1, 1, 1, 1
0.747123625, 1, 0, 1, 1, 1, 1, 1, 1
0.747173166666667, 1, 1, 1, 1, 1, 1, 1, 1
0.747201333333333, 1, 0, 1, 1, 1, 1, 1, 1
0.747224958333333, 1, 1, 1, 1, 1, 1, 1, 1
0.747279, 1, 0, 1, 1, 1, 1, 1, 1
0.747328541666667, 1, 1, 1, 1, 1, 1, 1, 1
0.747382583333333, 1, 0, 1, 1, 1, 1, 1, 1
0.747432083333333, 1, 1, 1, 1, 1, 1, 1, 1
0.747460208333333, 1, 0, 1, 1, 1, 1, 1, 1
0.747535666666667, 1, 1, 1, 1, 1, 1, 1, 1
0.747563791666667, 1, 0, 1, 1, 1, 1, 1, 1
0.747587416666667, 1, 1, 1, 1, 1, 1, 1, 1
0.747641458333333, 1, 0, 1, 1, 1, 1, 1, 1
0.747691, 1, 1, 1, 1, 1, 1, 1, 1
0.747719166666667, 1, 0, 1, 1, 1, 1, 1, 1
0.747768666666667, 1, 1, 1, 1, 1, 1, 1, 1
0.74779675, 1, 0, 1, 1, 1, 1, 1, 1
0.747898125, 1, 1, 1, 1, 1, 1, 1, 1
0.747926208333333, 1, 0, 1, 1, 1, 1, 1, 1
0.747949875, 1, 1, 1, 1, 1, 1, 1, 1
0.747978083333333, 1, 0, 1, 1, 1, 1, 1, 1
0.748001666666667, 1, 1, 1, 1, 1, 1, 1, 1
0.748029833333333, 1, 0, 1, 1, 1, 1, 1, 1
0.74810525, 1, 1, 1, 1, 1, 1, 1, 1
0.748159291666667, 1, 0, 1, 1, 1, 1, 1, 1
0.748208791666667, 1, 1, 1, 1, 1, 1, 1, 1
0.748236958333333, 1, 0, 1, 1, 1, 1, 1, 1
0.748260583333333, 1, 1, 1, 1, 1, 1, 1, 1
0.748288708333333, 1, 0, 1, 1, 1, 1, 1, 1
0.748312375, 1, 1, 1, 1, 1, 1, 1, 1
0.7483405, 1, 0, 1, 1, 1, 1, 1, 1
0.748415916666667, 1, 1, 1, 1, 1, 1, 1, 1
0.748444041666667, 1, 0, 1, 1, 1, 1, 1, 1
0.748467708333333, 1, 1, 1, 1, 1, 1, 1, 1
0.748495875, 1, 0, 1, 1, 1, 1, 1, 1
0.748623041666667, 1, 1, 1, 1, 1, 1, 1, 1
0.748677083333333, 1, 0, 1, 1, 1, 1, 1, 1
0.748726625, 1, 1, 1, 1, 1, 1, 1, 1
0.748754791666667, 1, 0, 1, 1, 1, 1, 1, 1
0.748881958333333, 1, 1, 1, 1, 1, 1, 1, 1
0.748935958333333, 1, 0, 1, 1, 1, 1, 1, 1
0.748985541666667, 1, 1, 1, 1, 1, 1, 1, 1
0.749013666666667, 1, 0, 1, 1, 1, 1, 1, 1
0.749140875, 1, 1, 1, 1, 1, 1, 1, 1
0.749194916666667, 1, 0, 1, 1, 1, 1, 1, 1
0.749244416666667, 1, 1, 1, 1, 1, 1, 1, 1
0.749272583333333, 1, 0, 1, 1, 1, 1, 1, 1
0.749296208333333, 1, 1, 1, 1, 1, 1, 1, 1
0.749324291666667, 1, 0, 1, 1, 1, 1, 1, 1
0.74939975, 1, 1, 1, 1, 1, 1, 1, 1
0.749453791666667, 1, 0, 1, 1, 1, 1, 1, 1
0.749503333333333, 1, 1, 1, 1, 1, 1, 1, 1
0.749531458333333, 1, 0, 1, 1, 1, 1, 1, 1
0.749658666666667, 1, 1, 1, 1, 1, 1, 1, 1
0.749712708333333, 1, 0, 1, 1, 1, 1, 1, 1
0.74976225, 1, 1, 1, 1, 1, 1, 1, 1
0.749790416666667, 1, 0, 1, 1, 1, 1, 1, 1
0.749917583333333, 1, 1, 1, 1, 1, 1, 1, 1
0.749971625, 1, 0, 1, 1, 1, 1, 1, 1
0.750021125, 1, 1, 1, 1, 1, 1, 1, 1
0.75004925, 1, 0, 1, 1, 1, 1, 1, 1
0.750072916666667, 1, 1, 1, 1, 1, 1, 1, 1
0.750101083333333, 1, 0, 1, 1, 1, 1, 1, 1
0.750124708333333, 1, 1, 1, 1, 1, 1, 1, 1
0.750178666666667, 1, 0, 1, 1, 1, 1, 1, 1
0.750280041666667, 1, 1, 1, 1, 1, 1, 1, 1
0.750308166666667, 1, 0, 1, 1, 1, 1, 1, 1
0.750357708333333, 1, 1, 1, 1, 1, 1, 1, 1
0.750385875, 1, 0, 1, 1, 1, 1, 1, 1
0.7504095, 1, 1, 1, 1, 1, 1, 1, 1
0.750437666666667, 1, 0, 1, 1, 1, 1, 1, 1
0.750538916666667, 1, 1, 1, 1, 1, 1, 1, 1
0.765823, 1, 0, 1, 1, 1, 1, 1, 1
0.765846666666667, 1, 1, 1, 1, 1, 1, 1, 1
0.765900708333333, 1, 0, 1, 1, 1, 1, 1, 1
0.76595025, 1, 1, 1, 1, 1, 1, 1, 1
0.765978416666667, 1, 0, 1, 1, 1, 1, 1, 1
0.766002041666667, 1, 1, 1, 1, 1, 1, 1, 1
0.766030125, 1, 0, 1, 1, 1, 1, 1, 1
0.766053791666667, 1, 1, 1, 1, 1, 1, 1, 1
0.766081916666667, 1, 0, 1, 1, 1, 1, 1, 1
0.766105583333333, 1, 1, 1, 1, 1, 1, 1, 1
0.766185541666667, 1, 0, 1, 1, 1, 1, 1, 1
0.766209125, 1, 1, 1, 1, 1, 1, 1, 1
0.766237291666667, 1, 0, 1, 1, 1, 1, 1, 1
0.766260916666667, 1, 1, 1, 1, 1, 1, 1, 1
0.766289083333333, 1, 0, 1, 1, 1, 1, 1, 1
0.766312708333333, 1, 1, 1, 1, 1, 1, 1, 1
0.766340875, 1, 0, 1, 1, 1, 1, 1, 1
0.766416291666667, 1, 1, 1, 1, 1, 1, 1, 1
0.766444416666667, 1, 0, 1, 1, 1, 1, 1, 1
0.766519833333333, 1, 1, 1, 1, 1, 1, 1, 1
0.766548041666667, 1, 0, 1, 1, 1, 1, 1, 1
0.766571625, 1, 1, 1, 1, 1, 1, 1, 1
0.76659975, 1, 0, 1, 1, 1, 1, 1, 1
0.766649291666667, 1, 1, 1, 1, 1, 1, 1, 1
0.766703375, 1, 0, 1, 1, 1, 1, 1, 1
0.766726958333333, 1, 1, 1, 1, 1, 1, 1, 1
0.766755083333333, 1, 0, 1, 1, 1, 1, 1, 1
0.76677875, 1, 1, 1, 1, 1, 1, 1, 1
0.766806875, 1, 0, 1, 1, 1, 1, 1, 1
0.766830541666667, 1, 1, 1, 1, 1, 1, 1, 1
0.766858708333333, 1, 0, 1, 1, 1, 1, 1, 1
0.766882291666667, 1, 1, 1, 1, 1, 1, 1, 1
0.7669105, 1, 0, 1, 1, 1, 1, 1, 1
0.766934083333333, 1, 1, 1, 1, 1, 1, 1, 1
0.766962291666667, 1, 0, 1, 1, 1, 1, 1, 1
0.766985875, 1, 1, 1, 1, 1, 1, 1, 1
0.767039833333333, 1, 0, 1, 1, 1, 1, 1, 1
0.767089416666667, 1, 1, 1, 1, 1, 1, 1, 1
0.767117583333333, 1, 0, 1, 1, 1, 1, 1, 1
0.767141208333333, 1, 1, 1, 1, 1, 1, 1, 1
0.767195291666667, 1, 0, 1, 1, 1, 1, 1, 1
0.767244791666667, 1, 1, 1, 1, 1, 1, 1, 1
0.767298791666667, 1, 0, 1, 1, 1, 1, 1, 1
0.767348333333333, 1, 1, 1, 1, 1, 1, 1, 1
0.7673765, 1, 0, 1, 1, 1, 1, 1, 1
0.767451875, 1, 1, 1, 1, 1, 1, 1, 1
0.76748, 1, 0, 1, 1, 1, 1, 1, 1
0.767503666666667, 1, 1, 1, 1, 1, 1, 1, 1
0.76755775, 1, 0, 1, 1, 1, 1, 1, 1
0.767607208333333, 1, 1, 1, 1, 1, 1, 1, 1
0.767635416666667, 1, 0, 1, 1, 1, 1, 1, 1
0.767684916666667, 1, 1, 1, 1, 1, 1, 1, 1
0.767713083333333, 1, 0, 1, 1, 1, 1, 1, 1
0.767814375, 1, 1, 1, 1, 1, 1, 1, 1
0.767842541666667, 1, 0, 1, 1, 1, 1, 1, 1
0.767866125, 1, 1, 1, 1, 1, 1, 1, 1
0.767894291666667, 1, 0, 1, 1, 1, 1, 1, 1
0.767917916666667, 1, 1, 1, 1, 1, 1, 1, 1
0.767946083333333, 1, 0, 1, 1, 1, 1, 1, 1
0.7680215, 1, 1, 1, 1, 1, 1, 1, 1
0.768075541666667, 1, 0, 1, 1, 1, 1, 1, 1
0.768125041666667, 1, 1, 1, 1, 1, 1, 1, 1
0.76815325, 1, 0, 1, 1, 1, 1, 1, 1
0.768202708333333, 1, 1, 1, 1, 1, 1, 1, 1
0.768256791666667, 1, 0, 1, 1, 1, 1, 1, 1
0.768332166666667, 1, 1, 1, 1, 1, 1, 1, 1
0.768360375, 1, 0, 1, 1, 1, 1, 1, 1
0.768383916666667, 1, 1, 1, 1, 1, 1, 1, 1
0.768412125, 1, 0, 1, 1, 1, 1, 1, 1
0.768539291666667, 1, 1, 1, 1, 1, 1, 1, 1
0.768593291666667, 1, 0, 1, 1, 1, 1, 1, 1
0.768642833333333, 1, 1, 1, 1, 1, 1, 1, 1
0.768671, 1, 0, 1, 1, 1, 1, 1, 1
0.768798208333333, 1, 1, 1, 1, 1, 1, 1, 1
0.76885225, 1, 0, 1, 1, 1, 1, 1, 1
0.76890175, 1, 1, 1, 1, 1, 1, 1, 1
0.768929916666667, 1, 0, 1, 1, 1, 1, 1, 1
0.769057083333333, 1, 1, 1, 1, 1, 1, 1, 1
0.769111125, 1, 0, 1, 1, 1, 1, 1, 1
0.769160666666667, 1, 1, 1, 1, 1, 1, 1, 1
0.769188833333333, 1, 0, 1, 1, 1, 1, 1, 1
0.769212458333333, 1, 1, 1, 1, 1, 1, 1, 1
0.769240625, 1, 0, 1, 1, 1, 1, 1, 1
0.769316, 1, 1, 1, 1, 1, 1, 1, 1
0.769370083333333, 1, 0, 1, 1, 1, 1, 1, 1
0.769419583333333, 1, 1, 1, 1, 1, 1, 1, 1
0.76944775, 1, 0, 1, 1, 1, 1, 1, 1
0.769574916666667, 1, 1, 1, 1, 1, 1, 1, 1
0.769628958333333, 1, 0, 1, 1, 1, 1, 1, 1
0.769678458333333, 1, 1, 1, 1, 1, 1, 1, 1
0.769706541666667, 1, 0, 1, 1, 1, 1, 1, 1
0.769833791666667, 1, 1, 1, 1, 1, 1, 1, 1
0.769887916666667, 1, 0, 1, 1, 1, 1, 1, 1
0.769937375, 1, 1, 1, 1, 1, 1, 1, 1
0.7699655, 1, 0, 1, 1, 1, 1, 1, 1
0.769989166666667, 1, 1, 1, 1, 1, 1, 1, 1
0.770017291666667, 1, 0, 1, 1, 1, 1, 1, 1
0.770040916666667, 1, 1, 1, 1, 1, 1, 1, 1
0.770095, 1, 0, 1, 1, 1, 1, 1, 1
0.77019625, 1, 1, 1, 1, 1, 1, 1, 1
0.770224458333333, 1, 0, 1, 1, 1, 1, 1, 1
0.770273958333333, 1, 1, 1, 1, 1, 1, 1, 1
0.770302125, 1, 0, 1, 1, 1, 1, 1, 1
0.77032575, 1, 1, 1, 1, 1, 1, 1, 1
0.770353833333333, 1, 0, 1, 1, 1, 1, 1, 1
0.770455208333333, 1, 1, 1, 1, 1, 1, 1, 1
0.872525208333333, 0, 1, 1, 1, 1, 1, 1, 1
0.872601125, 1, 1, 1, 1, 1, 1, 1, 1
0.872655291666667, 0, 1, 1, 1, 1, 1, 1, 1
0.872705166666667, 1, 1, 1, 1, 1, 1, 1, 1
0.872733291666667, 0, 1, 1, 1, 1, 1, 1, 1
0.872757125, 1, 1, 1, 1, 1, 1, 1, 1
0.872785333333333, 0, 1, 1, 1, 1, 1, 1, 1
0.872809166666667, 1, 1, 1, 1, 1, 1, 1, 1
0.872863291666667, 0, 1, 1, 1, 1, 1, 1, 1
0.872965166666667, 1, 1, 1, 1, 1, 1, 1, 1
0.872993333333333, 0, 1, 1, 1, 1, 1, 1, 1
0.873017166666667, 1, 1, 1, 1, 1, 1, 1, 1
0.873045333333333, 0, 1, 1, 1, 1, 1, 1, 1
0.873069166666667, 1, 1, 1, 1, 1, 1, 1, 1
0.873123333333333, 0, 1, 1, 1, 1, 1, 1, 1
0.873173166666667, 1, 1, 1, 1, 1, 1, 1, 1
0.873201375, 0, 1, 1, 1, 1, 1, 1, 1
0.873225166666667, 1, 1, 1, 1, 1, 1, 1, 1
0.873253333333333, 0, 1, 1, 1, 1, 1, 1, 1
0.873277208333333, 1, 1, 1, 1, 1, 1, 1, 1
0.873305375, 0, 1, 1, 1, 1, 1, 1, 1
0.873329166666667, 1, 1, 1, 1, 1, 1, 1, 1
0.873357333333333, 0, 1, 1, 1, 1, 1, 1, 1
0.873485208333333, 1, 1, 1, 1, 1, 1, 1, 1
0.873513416666667, 0, 1, 1, 1, 1, 1, 1, 1
0.87353725, 1, 1, 1, 1, 1, 1, 1, 1
0.873565375, 0, 1, 1, 1, 1, 1, 1, 1
0.87361525, 1, 1, 1, 1, 1, 1, 1, 1
0.873643375, 0, 1, 1, 1, 1, 1, 1, 1
0.87366725, 1, 1, 1, 1, 1, 1, 1, 1
0.873825458333333, 0, 1, 1, 1, 1, 1, 1, 1
0.873849208333333, 1, 1, 1, 1, 1, 1, 1, 1
0.873877416666667, 0, 1, 1, 1, 1, 1, 1, 1
0.87395325, 1, 1, 1, 1, 1, 1, 1, 1
0.873981416666667, 0, 1, 1, 1, 1, 1, 1, 1
0.874005291666667, 1, 1, 1, 1, 1, 1, 1, 1
0.874033375, 0, 1, 1, 1, 1, 1, 1, 1
0.874057291666667, 1, 1, 1, 1, 1, 1, 1, 1
0.874085416666667, 0, 1, 1, 1, 1, 1, 1, 1
0.874239333333333, 1, 1, 1, 1, 1, 1, 1, 1
0.874267375, 0, 1, 1, 1, 1, 1, 1, 1
0.874291291666667, 1, 1, 1, 1, 1, 1, 1, 1
0.8743455, 0, 1, 1, 1, 1, 1, 1, 1
0.874577333333333, 1, 1, 1, 1, 1, 1, 1, 1
0.874605458333333, 0, 1, 1, 1, 1, 1, 1, 1
0.874655333333333, 1, 1, 1, 1, 1, 1, 1, 1
0.8746835, 0, 1, 1, 1, 1, 1, 1, 1
0.874707333333333, 1, 1, 1, 1, 1, 1, 1, 1
0.8747355, 0, 1, 1, 1, 1, 1, 1, 1
0.874837375, 1, 1, 1, 1, 1, 1, 1, 1
0.8748655, 0, 1, 1, 1, 1, 1, 1, 1
0.875097375, 1, 1, 1, 1, 1, 1, 1, 1
0.875125541666667, 0, 1, 1, 1, 1, 1, 1, 1
0.875149375, 1, 1, 1, 1, 1, 1, 1, 1
0.875203541666667, 0, 1, 1, 1, 1, 1, 1, 1
0.875227416666667, 1, 1, 1, 1, 1, 1, 1, 1
0.875255541666667, 0, 1, 1, 1, 1, 1, 1, 1
0.875357416666667, 1, 1, 1, 1, 1, 1, 1, 1
0.875385541666667, 0, 1, 1, 1, 1, 1, 1, 1
0.875565416666667, 1, 1, 1, 1, 1, 1, 1, 1
0.875645625, 0, 1, 1, 1, 1, 1, 1, 1
0.875695458333333, 1, 1, 1, 1, 1, 1, 1, 1
0.875775625, 0, 1, 1, 1, 1, 1, 1, 1
0.875877458333333, 1, 1, 1, 1, 1, 1, 1, 1
0.875905625, 0, 1, 1, 1, 1, 1, 1, 1
0.8760335, 1, 1, 1, 1, 1, 1, 1, 1
0.876061625, 0, 1, 1, 1, 1, 1, 1, 1
0.876137458333333, 1, 1, 1, 1, 1, 1, 1, 1
0.876165666666667, 0, 1, 1, 1, 1, 1, 1, 1
0.8761895, 1, 1, 1, 1, 1, 1, 1, 1
0.876243708333333, 0, 1, 1, 1, 1, 1, 1, 1
0.8762675, 1, 1, 1, 1, 1, 1, 1, 1
0.876295625, 0, 1, 1, 1, 1, 1, 1, 1
0.8763975, 1, 1, 1, 1, 1, 1, 1, 1
0.876425708333333, 0, 1, 1, 1, 1, 1, 1, 1
0.876657541666667, 1, 1, 1, 1, 1, 1, 1, 1
0.876685708333333, 0, 1, 1, 1, 1, 1, 1, 1
0.876709541666667, 1, 1, 1, 1, 1, 1, 1, 1
0.876763708333333, 0, 1, 1, 1, 1, 1, 1, 1
0.876787541666667, 1, 1, 1, 1, 1, 1, 1, 1
0.876815666666667, 0, 1, 1, 1, 1, 1, 1, 1
0.876917583333333, 1, 1, 1, 1, 1, 1, 1, 1
0.87694575, 0, 1, 1, 1, 1, 1, 1, 1
0.877047583333333, 1, 1, 1, 1, 1, 1, 1, 1
0.877205791666667, 0, 1, 1, 1, 1, 1, 1, 1
0.877437625, 1, 1, 1, 1, 1, 1, 1, 1
0.877465791666667, 0, 1, 1, 1, 1, 1, 1, 1
0.877697666666667, 1, 1, 1, 1, 1, 1, 1, 1
0.87772575, 0, 1, 1, 1, 1, 1, 1, 1
0.877957666666667, 1, 1, 1, 1, 1, 1, 1, 1
0.877985875, 0, 1, 1, 1, 1, 1, 1, 1
0.878217708333333, 1, 1, 1, 1, 1, 1, 1, 1
0.878245833333333, 0, 1, 1, 1, 1, 1, 1, 1
0.878269708333333, 1, 1, 1, 1, 1, 1, 1, 1
0.878297875, 0, 1, 1, 1, 1, 1, 1, 1
0.878347708333333, 1, 1, 1, 1, 1, 1, 1, 1
0.878375875, 0, 1, 1, 1, 1, 1, 1, 1
0.878399708333333, 1, 1, 1, 1, 1, 1, 1, 1
0.878427833333333, 0, 1, 1, 1, 1, 1, 1, 1
0.87845175, 1, 1, 1, 1, 1, 1, 1, 1
0.878505916666667, 0, 1, 1, 1, 1, 1, 1, 1
0.878555708333333, 1, 1, 1, 1, 1, 1, 1, 1
0.878583875, 0, 1, 1, 1, 1, 1, 1, 1
0.87860775, 1, 1, 1, 1, 1, 1, 1, 1
0.878661916666667, 0, 1, 1, 1, 1, 1, 1, 1
0.87871175, 1, 1, 1, 1, 1, 1, 1, 1
0.878765916666667, 0, 1, 1, 1, 1, 1, 1, 1
0.878919791666667, 1, 1, 1, 1, 1, 1, 1, 1
0.878947916666667, 0, 1, 1, 1, 1, 1, 1, 1
0.878971791666667, 1, 1, 1, 1, 1, 1, 1, 1
0.879025916666667, 0, 1, 1, 1, 1, 1, 1, 1
0.879049791666667, 1, 1, 1, 1, 1, 1, 1, 1
0.879077916666667, 0, 1, 1, 1, 1, 1, 1, 1
0.879257791666667, 1, 1, 1, 1, 1, 1, 1, 1
0.879286, 0, 1, 1, 1, 1, 1, 1, 1
0.879309833333333, 1, 1, 1, 1, 1, 1, 1, 1
0.879338, 0, 1, 1, 1, 1, 1, 1, 1
0.879439833333333, 1, 1, 1, 1, 1, 1, 1, 1
0.879494, 0, 1, 1, 1, 1, 1, 1, 1
0.879517833333333, 1, 1, 1, 1, 1, 1, 1, 1
0.879546, 0, 1, 1, 1, 1, 1, 1, 1
0.879621833333333, 1, 1, 1, 1, 1, 1, 1, 1
0.879676, 0, 1, 1, 1, 1, 1, 1, 1
0.879751875, 1, 1, 1, 1, 1, 1, 1, 1
0.879806041666667, 0, 1, 1, 1, 1, 1, 1, 1
0.879933875, 1, 1, 1, 1, 1, 1, 1, 1
0.879988, 0, 1, 1, 1, 1, 1, 1, 1
0.880011875, 1, 1, 1, 1, 1, 1, 1, 1
0.880066041666667, 0, 1, 1, 1, 1, 1, 1, 1
0.880089875, 1, 1, 1, 1, 1, 1, 1, 1
0.880144041666667, 0, 1, 1, 1, 1, 1, 1, 1
0.880167875, 1, 1, 1, 1, 1, 1, 1, 1
0.880196041666667, 0, 1, 1, 1, 1, 1, 1, 1
0.880271916666667, 1, 1, 1, 1, 1, 1, 1, 1
0.880326041666667, 0, 1, 1, 1, 1, 1, 1, 1
0.880349875, 1, 1, 1, 1, 1, 1, 1, 1
0.880404083333333, 0, 1, 1, 1, 1, 1, 1, 1
0.880453916666667, 1, 1, 1, 1, 1, 1, 1, 1
0.880482083333333, 0, 1, 1, 1, 1, 1, 1, 1
0.880557916666667, 1, 1, 1, 1, 1, 1, 1, 1
0.880586125, 0, 1, 1, 1, 1, 1, 1, 1
0.880661958333333, 1, 1, 1, 1, 1, 1, 1, 1
0.880716125, 0, 1, 1, 1, 1, 1, 1, 1
0.880791958333333, 1, 1, 1, 1, 1, 1, 1, 1
0.880846166666667, 0, 1, 1, 1, 1, 1, 1, 1
0.880921958333333, 1, 1, 1, 1, 1, 1, 1, 1
0.880950125, 0, 1, 1, 1, 1, 1, 1, 1
0.881077958333333, 1, 1, 1, 1, 1, 1, 1, 1
0.881106166666667, 0, 1, 1, 1, 1, 1, 1, 1
0.881208, 1, 1, 1, 1, 1, 1, 1, 1
0.881236166666667, 0, 1, 1, 1, 1, 1, 1, 1
0.881338, 1, 1, 1, 1, 1, 1, 1, 1
0.955022666666667, 1, 0, 1, 1, 1, 1, 1, 1
0.955046333333333, 1, 1, 1, 1, 1, 1, 1, 1
0.955100416666667, 1, 0, 1, 1, 1, 1, 1, 1
0.955149875, 1, 1, 1, 1, 1, 1, 1, 1
0.955178083333333, 1, 0, 1, 1, 1, 1, 1, 1
0.955201666666667, 1, 1, 1, 1, 1, 1, 1, 1
0.955229791666667, 1, 0, 1, 1, 1, 1, 1, 1
0.955253458333333, 1, 1, 1, 1, 1, 1, 1, 1
0.955281625, 1, 0, 1, 1, 1, 1, 1, 1
0.955305208333333, 1, 1, 1, 1, 1, 1, 1, 1
0.955385125, 1, 0, 1, 1, 1, 1, 1, 1
0.955408791666667, 1, 1, 1, 1, 1, 1, 1, 1
0.955436916666667, 1, 0, 1, 1, 1, 1, 1, 1
0.955460583333333, 1, 1, 1, 1, 1, 1, 1, 1
0.95548875, 1, 0, 1, 1, 1, 1, 1, 1
0.955512375, 1, 1, 1, 1, 1, 1, 1, 1
0.955540541666667, 1, 0, 1, 1, 1, 1, 1, 1
0.955615916666667, 1, 1, 1, 1, 1, 1, 1, 1
0.955644083333333, 1, 0, 1, 1, 1, 1, 1, 1
0.9557195, 1, 1, 1, 1, 1, 1, 1, 1
0.955747583333333, 1, 0, 1, 1, 1, 1, 1, 1
0.95577125, 1, 1, 1, 1, 1, 1, 1, 1
0.955799416666667, 1, 0, 1, 1, 1, 1, 1, 1
0.955848958333333, 1, 1, 1, 1, 1, 1, 1, 1
0.955903, 1, 0, 1, 1, 1, 1, 1, 1
0.955926625, 1, 1, 1, 1, 1, 1, 1, 1
0.955954708333333, 1, 0, 1, 1, 1, 1, 1, 1
0.955978375, 1, 1, 1, 1, 1, 1, 1, 1
0.956006541666667, 1, 0, 1, 1, 1, 1, 1, 1
0.956030166666667, 1, 1, 1, 1, 1, 1, 1, 1
0.956058333333333, 1, 0, 1, 1, 1, 1, 1, 1
0.956082, 1, 1, 1, 1, 1, 1, 1, 1
0.956110083333333, 1, 0, 1, 1, 1, 1, 1, 1
0.956133708333333, 1, 1, 1, 1, 1, 1, 1, 1
0.956161875, 1, 0, 1, 1, 1, 1, 1, 1
0.9561855, 1, 1, 1, 1, 1, 1, 1, 1
0.956239541666667, 1, 0, 1, 1, 1, 1, 1, 1
0.956289083333333, 1, 1, 1, 1, 1, 1, 1, 1
0.956317208333333, 1, 0, 1, 1, 1, 1, 1, 1
0.956340875, 1, 1, 1, 1, 1, 1, 1, 1
0.956394916666667, 1, 0, 1, 1, 1, 1, 1, 1
0.956444375, 1, 1, 1, 1, 1, 1, 1, 1
0.956498458333333, 1, 0, 1, 1, 1, 1, 1, 1
0.956547958333333, 1, 1, 1, 1, 1, 1, 1, 1
0.956576166666667, 1, 0, 1, 1, 1, 1, 1, 1
0.956651541666667, 1, 1, 1, 1, 1, 1, 1, 1
0.956679666666667, 1, 0, 1, 1, 1, 1, 1, 1
0.956703333333333, 1, 1, 1, 1, 1, 1, 1, 1
0.956757375, 1, 0, 1, 1, 1, 1, 1, 1
0.956806916666667, 1, 1, 1, 1, 1, 1, 1, 1
0.956835, 1, 0, 1, 1, 1, 1, 1, 1
0.956884583333333, 1, 1, 1, 1, 1, 1, 1, 1
0.956912708333333, 1, 0, 1, 1, 1, 1, 1, 1
0.957014041666667, 1, 1, 1, 1, 1, 1, 1, 1
0.957042125, 1, 0, 1, 1, 1, 1, 1, 1
0.957065791666667, 1, 1, 1, 1, 1, 1, 1, 1
0.957093958333333, 1, 0, 1, 1, 1, 1, 1, 1
0.957117583333333, 1, 1, 1, 1, 1, 1, 1, 1
0.95714575, 1, 0, 1, 1, 1, 1, 1, 1
0.957221125, 1, 1, 1, 1, 1, 1, 1, 1
0.957275125, 1, 0, 1, 1, 1, 1, 1, 1
0.957324708333333, 1, 1, 1, 1, 1, 1, 1, 1
0.957352875, 1, 0, 1, 1, 1, 1, 1, 1
0.957376458333333, 1, 1, 1, 1, 1, 1, 1, 1
0.957404625, 1, 0, 1, 1, 1, 1, 1, 1
0.95742825, 1, 1, 1, 1, 1, 1, 1, 1
0.957456416666667, 1, 0, 1, 1, 1, 1, 1, 1
0.957531791666667, 1, 1, 1, 1, 1, 1, 1, 1
0.957559958333333, 1, 0, 1, 1, 1, 1, 1, 1
0.957583625, 1, 1, 1, 1, 1, 1, 1, 1
0.95761175, 1, 0, 1, 1, 1, 1, 1, 1
0.957739, 1, 1, 1, 1, 1, 1, 1, 1
0.957793, 1, 0, 1, 1, 1, 1, 1, 1
0.9578425, 1, 1, 1, 1, 1, 1, 1, 1
0.957870708333333, 1, 0, 1, 1, 1, 1, 1, 1
0.957997875, 1, 1, 1, 1, 1, 1, 1, 1
0.958051875, 1, 0, 1, 1, 1, 1, 1, 1
0.958101416666667, 1, 1, 1, 1, 1, 1, 1, 1
0.958129541666667, 1, 0, 1, 1, 1, 1, 1, 1
0.95825675, 1, 1, 1, 1, 1, 1, 1, 1
0.958310833333333, 1, 0, 1, 1, 1, 1, 1, 1
0.958360333333333, 1, 1, 1, 1, 1, 1, 1, 1
0.958388458333333, 1, 0, 1, 1, 1, 1, 1, 1
0.958412083333333, 1, 1, 1, 1, 1, 1, 1, 1
0.958440291666667, 1, 0, 1, 1, 1, 1, 1, 1
0.958515666666667, 1, 1, 1, 1, 1, 1, 1, 1
0.95856975, 1, 0, 1, 1, 1, 1, 1, 1
0.958619208333333, 1, 1, 1, 1, 1, 1, 1, 1
0.958647416666667, 1, 0, 1, 1, 1, 1, 1, 1
0.958774583333333, 1, 1, 1, 1, 1, 1, 1, 1
0.958828625, 1, 0, 1, 1, 1, 1, 1, 1
0.958878125, 1, 1, 1, 1, 1, 1, 1, 1
0.958906291666667, 1, 0, 1, 1, 1, 1, 1, 1
0.9590335, 1, 1, 1, 1, 1, 1, 1, 1
0.959087541666667, 1, 0, 1, 1, 1, 1, 1, 1
0.959137041666667, 1, 1, 1, 1, 1, 1, 1, 1
0.959165208333333, 1, 0, 1, 1, 1, 1, 1, 1
0.959188833333333, 1, 1, 1, 1, 1, 1, 1, 1
0.959217, 1, 0, 1, 1, 1, 1, 1, 1
0.959240625, 1, 1, 1, 1, 1, 1, 1, 1
0.959294666666667, 1, 0, 1, 1, 1, 1, 1, 1
0.959395916666667, 1, 1, 1, 1, 1, 1, 1, 1
0.959424125, 1, 0, 1, 1, 1, 1, 1, 1
0.959473583333333, 1, 1, 1, 1, 1, 1, 1, 1
0.95950175, 1, 0, 1, 1, 1, 1, 1, 1
0.959525375, 1, 1, 1, 1, 1, 1, 1, 1
0.959553541666667, 1, 0, 1, 1, 1, 1, 1, 1
0.959654833333333, 1, 1, 1, 1, 1, 1, 1, 1
0.974948708333333, 1, 0, 1, 1, 1, 1, 1, 1
0.974972333333333, 1, 1, 1, 1, 1, 1, 1, 1
0.975026333333333, 1, 0, 1, 1, 1, 1, 1, 1
0.975075875, 1, 1, 1, 1, 1, 1, 1, 1
0.975104, 1, 0, 1, 1, 1, 1, 1, 1
0.975127666666667, 1, 1, 1, 1, 1, 1, 1, 1
0.975155833333333, 1, 0, 1, 1, 1, 1, 1, 1
0.975179416666667, 1, 1, 1, 1, 1, 1, 1, 1
0.975207625, 1, 0, 1, 1, 1, 1, 1, 1
0.975231208333333, 1, 1, 1, 1, 1, 1, 1, 1
0.975311166666667, 1, 0, 1, 1, 1, 1, 1, 1
0.975334791666667, 1, 1, 1, 1, 1, 1, 1, 1
0.975362916666667, 1, 0, 1, 1, 1, 1, 1, 1
0.975386583333333, 1, 1, 1, 1, 1, 1, 1, 1
0.97541475, 1, 0, 1, 1, 1, 1, 1, 1
0.975438333333333, 1, 1, 1, 1, 1, 1, 1, 1
0.975466541666667, 1, 0, 1, 1, 1, 1, 1, 1
0.975541916666667, 1, 1, 1, 1, 1, 1, 1, 1
0.975570083333333, 1, 0, 1, 1, 1, 1, 1, 1
0.975645458333333, 1, 1, 1, 1, 1, 1, 1, 1
0.975673583333333, 1, 0, 1, 1, 1, 1, 1, 1
0.97569725, 1, 1, 1, 1, 1, 1, 1, 1
0.975725416666667, 1, 0, 1, 1, 1, 1, 1, 1
0.975774916666667, 1, 1, 1, 1, 1, 1, 1, 1
0.975828916666667, 1, 0, 1, 1, 1, 1, 1, 1
0.975852583333333, 1, 1, 1, 1, 1, 1, 1, 1
0.97588075, 1, 0, 1, 1, 1, 1, 1, 1
0.975904375, 1, 1, 1, 1, 1, 1, 1, 1
0.9759325, 1, 0, 1, 1, 1, 1, 1, 1
0.975956166666667, 1, 1, 1, 1, 1, 1, 1, 1
0.975984291666667, 1, 0, 1, 1, 1, 1, 1, 1
0.976007958333333, 1, 1, 1, 1, 1, 1, 1, 1
0.976036083333333, 1, 0, 1, 1, 1, 1, 1, 1
0.976059708333333, 1, 1, 1, 1, 1, 1, 1, 1
0.976087875, 1, 0, 1, 1, 1, 1, 1, 1
0.9761115, 1, 1, 1, 1, 1, 1, 1, 1
0.976165541666667, 1, 0, 1, 1, 1, 1, 1, 1
0.976215041666667, 1, 1, 1, 1, 1, 1, 1, 1
0.976243166666667, 1, 0, 1, 1, 1, 1, 1, 1
0.976266833333333, 1, 1, 1, 1, 1, 1, 1, 1
0.976320875, 1, 0, 1, 1, 1, 1, 1, 1
0.976370416666667, 1, 1, 1, 1, 1, 1, 1, 1
0.976424458333333, 1, 0, 1, 1, 1, 1, 1, 1
0.976473958333333, 1, 1, 1, 1, 1, 1, 1, 1
0.976502125, 1, 0, 1, 1, 1, 1, 1, 1
0.976577541666667, 1, 1, 1, 1, 1, 1, 1, 1
0.976605666666667, 1, 0, 1, 1, 1, 1, 1, 1
0.976629291666667, 1, 1, 1, 1, 1, 1, 1, 1
0.976683333333333, 1, 0, 1, 1, 1, 1, 1, 1
0.976732833333333, 1, 1, 1, 1, 1, 1, 1, 1
0.976761, 1, 0, 1, 1, 1, 1, 1, 1
0.976784666666667, 1, 1, 1, 1, 1, 1, 1, 1
0.976812791666667, 1, 0, 1, 1, 1, 1, 1, 1
0.97694, 1, 1, 1, 1, 1, 1, 1, 1
0.976968166666667, 1, 0, 1, 1, 1, 1, 1, 1
0.97699175, 1, 1, 1, 1, 1, 1, 1, 1
0.977019958333333, 1, 0, 1, 1, 1, 1, 1, 1
0.977043541666667, 1, 1, 1, 1, 1, 1, 1, 1
0.97707175, 1, 0, 1, 1, 1, 1, 1, 1
0.977147125, 1, 1, 1, 1, 1, 1, 1, 1
0.977201166666667, 1, 0, 1, 1, 1, 1, 1, 1
0.977250708333333, 1, 1, 1, 1, 1, 1, 1, 1
0.977278833333333, 1, 0, 1, 1, 1, 1, 1, 1
0.977328333333333, 1, 1, 1, 1, 1, 1, 1, 1
0.977382416666667, 1, 0, 1, 1, 1, 1, 1, 1
0.977457791666667, 1, 1, 1, 1, 1, 1, 1, 1
0.977485875, 1, 0, 1, 1, 1, 1, 1, 1
0.977509583333333, 1, 1, 1, 1, 1, 1, 1, 1
0.97753775, 1, 0, 1, 1, 1, 1, 1, 1
0.977664916666667, 1, 1, 1, 1, 1, 1, 1, 1
0.977718958333333, 1, 0, 1, 1, 1, 1, 1, 1
0.9777685, 1, 1, 1, 1, 1, 1, 1, 1
0.977796666666667, 1, 0, 1, 1, 1, 1, 1, 1
0.977923833333333, 1, 1, 1, 1, 1, 1, 1, 1
0.977977833333333, 1, 0, 1, 1, 1, 1, 1, 1
0.978027375, 1, 1, 1, 1, 1, 1, 1, 1
0.9780555, 1, 0, 1, 1, 1, 1, 1, 1
0.978182708333333, 1, 1, 1, 1, 1, 1, 1, 1
0.978236791666667, 1, 0, 1, 1, 1, 1, 1, 1
0.978286291666667, 1, 1, 1, 1, 1, 1, 1, 1
0.978314458333333, 1, 0, 1, 1, 1, 1, 1, 1
0.978338083333333, 1, 1, 1, 1, 1, 1, 1, 1
0.978366291666667, 1, 0, 1, 1, 1, 1, 1, 1
0.978441666666667, 1, 1, 1, 1, 1, 1, 1, 1
0.978495708333333, 1, 0, 1, 1, 1, 1, 1, 1
0.97854525, 1, 1, 1, 1, 1, 1, 1, 1
0.978573291666667, 1, 0, 1, 1, 1, 1, 1, 1
0.978700541666667, 1, 1, 1, 1, 1, 1, 1, 1
0.978754583333333, 1, 0, 1, 1, 1, 1, 1, 1
0.978804125, 1, 1, 1, 1, 1, 1, 1, 1
0.97883225, 1, 0, 1, 1, 1, 1, 1, 1
0.978959458333333, 1, 1, 1, 1, 1, 1, 1, 1
0.979013541666667, 1, 0, 1, 1, 1, 1, 1, 1
0.979063, 1, 1, 1, 1, 1, 1, 1, 1
0.979091208333333, 1, 0, 1, 1, 1, 1, 1, 1
0.979114791666667, 1, 1, 1, 1, 1, 1, 1, 1
0.979142875, 1, 0, 1, 1, 1, 1, 1, 1
0.979166583333333, 1, 1, 1, 1, 1, 1, 1, 1
0.979220666666667, 1, 0, 1, 1, 1, 1, 1, 1
0.979321916666667, 1, 1, 1, 1, 1, 1, 1, 1
0.979350083333333, 1, 0, 1, 1, 1, 1, 1, 1
0.979399625, 1, 1, 1, 1, 1, 1, 1, 1
0.979427708333333, 1, 0, 1, 1, 1, 1, 1, 1
0.979451375, 1, 1, 1, 1, 1, 1, 1, 1
0.9794795, 1, 0, 1, 1, 1, 1, 1, 1
0.979580833333333, 1, 1, 1, 1, 1, 1, 1, 1
0.984897083333333, 1, 0, 1, 1, 1, 1, 1, 1
0.98492075, 1, 1, 1, 1, 1, 1, 1, 1
0.984974791666667, 1, 0, 1, 1, 1, 1, 1, 1
0.985024333333333, 1, 1, 1, 1, 1, 1, 1, 1
0.9850525, 1, 0, 1, 1, 1, 1, 1, 1
0.985076125, 1, 1, 1, 1, 1, 1, 1, 1
0.985104166666667, 1, 0, 1, 1, 1, 1, 1, 1
0.985127875, 1, 1, 1, 1, 1, 1, 1, 1
0.985156041666667, 1, 0, 1, 1, 1, 1, 1, 1
0.985179666666667, 1, 1, 1, 1, 1, 1, 1, 1
0.985259583333333, 1, 0, 1, 1, 1, 1, 1, 1
0.985283208333333, 1, 1, 1, 1, 1, 1, 1, 1
0.985311416666667, 1, 0, 1, 1, 1, 1, 1, 1
0.985335, 1, 1, 1, 1, 1, 1, 1, 1
0.985363166666667, 1, 0, 1, 1, 1, 1, 1, 1
0.985386791666667, 1, 1, 1, 1, 1, 1, 1, 1
0.985414916666667, 1, 0, 1, 1, 1, 1, 1, 1
0.985490333333333, 1, 1, 1, 1, 1, 1, 1, 1
0.9855185, 1, 0, 1, 1, 1, 1, 1, 1
0.985593916666667, 1, 1, 1, 1, 1, 1, 1, 1
0.985622, 1, 0, 1, 1, 1, 1, 1, 1
0.985645708333333, 1, 1, 1, 1, 1, 1, 1, 1
0.985673875, 1, 0, 1, 1, 1, 1, 1, 1
0.985723375, 1, 1, 1, 1, 1, 1, 1, 1
0.985777416666667, 1, 0, 1, 1, 1, 1, 1, 1
0.985801041666667, 1, 1, 1, 1, 1, 1, 1, 1
0.985829166666667, 1, 0, 1, 1, 1, 1, 1, 1
0.985852833333333, 1, 1, 1, 1, 1, 1, 1, 1
0.985880958333333, 1, 0, 1, 1, 1, 1, 1, 1
0.985904583333333, 1, 1, 1, 1, 1, 1, 1, 1
0.985932708333333, 1, 0, 1, 1, 1, 1, 1, 1
0.985956375, 1, 1, 1, 1, 1, 1, 1, 1
0.985984458333333, 1, 0, 1, 1, 1, 1, 1, 1
0.986008166666667, 1, 1, 1, 1, 1, 1, 1, 1
0.986036291666667, 1, 0, 1, 1, 1, 1, 1, 1
0.986059958333333, 1, 1, 1, 1, 1, 1, 1, 1
0.986114, 1, 0, 1, 1, 1, 1, 1, 1
0.9861635, 1, 1, 1, 1, 1, 1, 1, 1
0.986191666666667, 1, 0, 1, 1, 1, 1, 1, 1
0.986215291666667, 1, 1, 1, 1, 1, 1, 1, 1
0.986269291666667, 1, 0, 1, 1, 1, 1, 1, 1
0.986318833333333, 1, 1, 1, 1, 1, 1, 1, 1
0.986372916666667, 1, 0, 1, 1, 1, 1, 1, 1
0.986422416666667, 1, 1, 1, 1, 1, 1, 1, 1
0.986450583333333, 1, 0, 1, 1, 1, 1, 1, 1
0.986526, 1, 1, 1, 1, 1, 1, 1, 1
0.986554125, 1, 0, 1, 1, 1, 1, 1, 1
0.98657775, 1, 1, 1, 1, 1, 1, 1, 1
0.986631791666667, 1, 0, 1, 1, 1, 1, 1, 1
0.986681333333333, 1, 1, 1, 1, 1, 1, 1, 1
0.986709458333333, 1, 0, 1, 1, 1, 1, 1, 1
0.986733125, 1, 1, 1, 1, 1, 1, 1, 1
0.98676125, 1, 0, 1, 1, 1, 1, 1, 1
0.986810791666667, 1, 1, 1, 1, 1, 1, 1, 1
0.98689075, 1, 0, 1, 1, 1, 1, 1, 1
0.986940208333333, 1, 1, 1, 1, 1, 1, 1, 1
0.986968375, 1, 0, 1, 1, 1, 1, 1, 1
0.986992, 1, 1, 1, 1, 1, 1, 1, 1
0.987020208333333, 1, 0, 1, 1, 1, 1, 1, 1
0.987095583333333, 1, 1, 1, 1, 1, 1, 1, 1
0.987149583333333, 1, 0, 1, 1, 1, 1, 1, 1
0.987199125, 1, 1, 1, 1, 1, 1, 1, 1
0.987227291666667, 1, 0, 1, 1, 1, 1, 1, 1
0.987276791666667, 1, 1, 1, 1, 1, 1, 1, 1
0.987330833333333, 1, 0, 1, 1, 1, 1, 1, 1
0.98740625, 1, 1, 1, 1, 1, 1, 1, 1
0.987434375, 1, 0, 1, 1, 1, 1, 1, 1
0.987458041666667, 1, 1, 1, 1, 1, 1, 1, 1
0.987486208333333, 1, 0, 1, 1, 1, 1, 1, 1
0.987613375, 1, 1, 1, 1, 1, 1, 1, 1
0.987667458333333, 1, 0, 1, 1, 1, 1, 1, 1
0.987716958333333, 1, 1, 1, 1, 1, 1, 1, 1
0.987745125, 1, 0, 1, 1, 1, 1, 1, 1
0.987872291666667, 1, 1, 1, 1, 1, 1, 1, 1
0.987926333333333, 1, 0, 1, 1, 1, 1, 1, 1
0.987975833333333, 1, 1, 1, 1, 1, 1, 1, 1
0.988003958333333, 1, 0, 1, 1, 1, 1, 1, 1
0.988131166666667, 1, 1, 1, 1, 1, 1, 1, 1
0.98818525, 1, 0, 1, 1, 1, 1, 1, 1
0.98823475, 1, 1, 1, 1, 1, 1, 1, 1
0.988262916666667, 1, 0, 1, 1, 1, 1, 1, 1
0.988286541666667, 1, 1, 1, 1, 1, 1, 1, 1
0.988314708333333, 1, 0, 1, 1, 1, 1, 1, 1
0.988390083333333, 1, 1, 1, 1, 1, 1, 1, 1
0.988444083333333, 1, 0, 1, 1, 1, 1, 1, 1
0.988493666666667, 1, 1, 1, 1, 1, 1, 1, 1
0.988521833333333, 1, 0, 1, 1, 1, 1, 1, 1
0.988649, 1, 1, 1, 1, 1, 1, 1, 1
0.988703041666667, 1, 0, 1, 1, 1, 1, 1, 1
0.988752541666667, 1, 1, 1, 1, 1, 1, 1, 1
0.988780708333333, 1, 0, 1, 1, 1, 1, 1, 1
0.988907916666667, 1, 1, 1, 1, 1, 1, 1, 1
0.988961958333333, 1, 0, 1, 1, 1, 1, 1, 1
0.989011458333333, 1, 1, 1, 1, 1, 1, 1, 1
0.989039666666667, 1, 0, 1, 1, 1, 1, 1, 1
0.98906325, 1, 1, 1, 1, 1, 1, 1, 1
0.989091375, 1, 0, 1, 1, 1, 1, 1, 1
0.989115041666667, 1, 1, 1, 1, 1, 1, 1, 1
0.989169083333333, 1, 0, 1, 1, 1, 1, 1, 1
0.989270375, 1, 1, 1, 1, 1, 1, 1, 1
0.9892985, 1, 0, 1, 1, 1, 1, 1, 1
0.989348041666667, 1, 1, 1, 1, 1, 1, 1, 1
0.989376208333333, 1, 0, 1, 1, 1, 1, 1, 1
0.989399833333333, 1, 1, 1, 1, 1, 1, 1, 1
0.989428, 1, 0, 1, 1, 1, 1, 1, 1
0.98952925, 1, 1, 1, 1, 1, 1, 1, 1
0.994855291666667, 1, 0, 1, 1, 1, 1, 1, 1
0.994878916666667, 1, 1, 1, 1, 1, 1, 1, 1
0.994932958333333, 1, 0, 1, 1, 1, 1, 1, 1
0.994982458333333, 1, 1, 1, 1, 1, 1, 1, 1
0.995010625, 1, 0, 1, 1, 1, 1, 1, 1
0.99503425, 1, 1, 1, 1, 1, 1, 1, 1
0.995062416666667, 1, 0, 1, 1, 1, 1, 1, 1
0.995086041666667, 1, 1, 1, 1, 1, 1, 1, 1
0.995114208333333, 1, 0, 1, 1, 1, 1, 1, 1
0.995137833333333, 1, 1, 1, 1, 1, 1, 1, 1
0.99521775, 1, 0, 1, 1, 1, 1, 1, 1
0.995241375, 1, 1, 1, 1, 1, 1, 1, 1
0.995269541666667, 1, 0, 1, 1, 1, 1, 1, 1
0.995293166666667, 1, 1, 1, 1, 1, 1, 1, 1
0.995321291666667, 1, 0, 1, 1, 1, 1, 1, 1
0.995344916666667, 1, 1, 1, 1, 1, 1, 1, 1
0.995373083333333, 1, 0, 1, 1, 1, 1, 1, 1
0.9954485, 1, 1, 1, 1, 1, 1, 1, 1
0.995476666666667, 1, 0, 1, 1, 1, 1, 1, 1
0.995552041666667, 1, 1, 1, 1, 1, 1, 1, 1
0.99558025, 1, 0, 1, 1, 1, 1, 1, 1
0.995603833333333, 1, 1, 1, 1, 1, 1, 1, 1
0.995632041666667, 1, 0, 1, 1, 1, 1, 1, 1
0.9956815, 1, 1, 1, 1, 1, 1, 1, 1
0.9957355, 1, 0, 1, 1, 1, 1, 1, 1
0.995759166666667, 1, 1, 1, 1, 1, 1, 1, 1
0.995787375, 1, 0, 1, 1, 1, 1, 1, 1
0.995811, 1, 1, 1, 1, 1, 1, 1, 1
0.995839125, 1, 0, 1, 1, 1, 1, 1, 1
0.99586275, 1, 1, 1, 1, 1, 1, 1, 1
0.995890875, 1, 0, 1, 1, 1, 1, 1, 1
0.995914541666667, 1, 1, 1, 1, 1, 1, 1, 1
0.995942666666667, 1, 0, 1, 1, 1, 1, 1, 1
0.995966291666667, 1, 1, 1, 1, 1, 1, 1, 1
0.995994458333333, 1, 0, 1, 1, 1, 1, 1, 1
0.996018083333333, 1, 1, 1, 1, 1, 1, 1, 1
0.996072125, 1, 0, 1, 1, 1, 1, 1, 1
0.996121625, 1, 1, 1, 1, 1, 1, 1, 1
0.996149833333333, 1, 0, 1, 1, 1, 1, 1, 1
0.996173458333333, 1, 1, 1, 1, 1, 1, 1, 1
0.9962275, 1, 0, 1, 1, 1, 1, 1, 1
0.996277, 1, 1, 1, 1, 1, 1, 1, 1
0.996331083333333, 1, 0, 1, 1, 1, 1, 1, 1
0.996380583333333, 1, 1, 1, 1, 1, 1, 1, 1
0.996408708333333, 1, 0, 1, 1, 1, 1, 1, 1
0.996484125, 1, 1, 1, 1, 1, 1, 1, 1
0.996512291666667, 1, 0, 1, 1, 1, 1, 1, 1
0.996535916666667, 1, 1, 1, 1, 1, 1, 1, 1
0.996589958333333, 1, 0, 1, 1, 1, 1, 1, 1
0.996639458333333, 1, 1, 1, 1, 1, 1, 1, 1
0.996667625, 1, 0, 1, 1, 1, 1, 1, 1
0.996717125, 1, 1, 1, 1, 1, 1, 1, 1
0.99674525, 1, 0, 1, 1, 1, 1, 1, 1
0.996846583333333, 1, 1, 1, 1, 1, 1, 1, 1
0.99687475, 1, 0, 1, 1, 1, 1, 1, 1
0.996898375, 1, 1, 1, 1, 1, 1, 1, 1
0.996926541666667, 1, 0, 1, 1, 1, 1, 1, 1
0.996950166666667, 1, 1, 1, 1, 1, 1, 1, 1
0.996978208333333, 1, 0, 1, 1, 1, 1, 1, 1
0.997053708333333, 1, 1, 1, 1, 1, 1, 1, 1
0.99710775, 1, 0, 1, 1, 1, 1, 1, 1
0.997157291666667, 1, 1, 1, 1, 1, 1, 1, 1
0.997185375, 1, 0, 1, 1, 1, 1, 1, 1
0.997234958333333, 1, 1, 1, 1, 1, 1, 1, 1
0.997289041666667, 1, 0, 1, 1, 1, 1, 1, 1
0.997364416666667, 1, 1, 1, 1, 1, 1, 1, 1
0.997392583333333, 1, 0, 1, 1, 1, 1, 1, 1
0.997416166666667, 1, 1, 1, 1, 1, 1, 1, 1
0.997444375, 1, 0, 1, 1, 1, 1, 1, 1
0.9975715, 1, 1, 1, 1, 1, 1, 1, 1
0.997625541666667, 1, 0, 1, 1, 1, 1, 1, 1
0.997675083333333, 1, 1, 1, 1, 1, 1, 1, 1
0.99770325, 1, 0, 1, 1, 1, 1, 1, 1
0.997830416666667, 1, 1, 1, 1, 1, 1, 1, 1
0.997884458333333, 1, 0, 1, 1, 1, 1, 1, 1
0.997934, 1, 1, 1, 1, 1, 1, 1, 1
0.997962166666667, 1, 0, 1, 1, 1, 1, 1, 1
0.998089333333333, 1, 1, 1, 1, 1, 1, 1, 1
0.998143416666667, 1, 0, 1, 1, 1, 1, 1, 1
0.998192916666667, 1, 1, 1, 1, 1, 1, 1, 1
0.998221041666667, 1, 0, 1, 1, 1, 1, 1, 1
0.998244666666667, 1, 1, 1, 1, 1, 1, 1, 1
0.998272833333333, 1, 0, 1, 1, 1, 1, 1, 1
0.998348208333333, 1, 1, 1, 1, 1, 1, 1, 1
0.99840225, 1, 0, 1, 1, 1, 1, 1, 1
0.998451791666667, 1, 1, 1, 1, 1, 1, 1, 1
0.998479916666667, 1, 0, 1, 1, 1, 1, 1, 1
0.998607083333333, 1, 1, 1, 1, 1, 1, 1, 1
0.998661166666667, 1, 0, 1, 1, 1, 1, 1, 1
0.998710666666667, 1, 1, 1, 1, 1, 1, 1, 1
0.998738875, 1, 0, 1, 1, 1, 1, 1, 1
0.998866041666667, 1, 1, 1, 1, 1, 1, 1, 1
0.998920041666667, 1, 0, 1, 1, 1, 1, 1, 1
0.998969625, 1, 1, 1, 1, 1, 1, 1, 1
0.998997708333333, 1, 0, 1, 1, 1, 1, 1, 1
0.999021375, 1, 1, 1, 1, 1, 1, 1, 1
0.999049541666667, 1, 0, 1, 1, 1, 1, 1, 1
0.999073166666667, 1, 1, 1, 1, 1, 1, 1, 1
0.999127208333333, 1, 0, 1, 1, 1, 1, 1, 1
0.9992285, 1, 1, 1, 1, 1, 1, 1, 1
0.999256666666667, 1, 0, 1, 1, 1, 1, 1, 1
0.999306166666667, 1, 1, 1, 1, 1, 1, 1, 1
0.999334333333333, 1, 0, 1, 1, 1, 1, 1, 1
0.999357958333333, 1, 1, 1, 1, 1, 1, 1, 1
0.999386125, 1, 0, 1, 1, 1, 1, 1, 1
0.999487416666667, 1, 1, 1, 1, 1, 1, 1, 1
1.172727125, 0, 1, 1, 1, 1, 1, 1, 1
1.17280295833333, 1, 1, 1, 1, 1, 1, 1, 1
1.17285716666667, 0, 1, 1, 1, 1, 1, 1, 1
1.172907, 1, 1, 1, 1, 1, 1, 1, 1
1.172935125, 0, 1, 1, 1, 1, 1, 1, 1
1.172959, 1, 1, 1, 1, 1, 1, 1, 1
1.172987125, 0, 1, 1, 1, 1, 1, 1, 1
1.173011, 1, 1, 1, 1, 1, 1, 1, 1
1.17306516666667, 0, 1, 1, 1, 1, 1, 1, 1
1.173167, 1, 1, 1, 1, 1, 1, 1, 1
1.17319516666667, 0, 1, 1, 1, 1, 1, 1, 1
1.173219, 1, 1, 1, 1, 1, 1, 1, 1
1.17324720833333, 0, 1, 1, 1, 1, 1, 1, 1
1.17327104166667, 1, 1, 1, 1, 1, 1, 1, 1
1.17332516666667, 0, 1, 1, 1, 1, 1, 1, 1
1.17337504166667, 1, 1, 1, 1, 1, 1, 1, 1
1.17340325, 0, 1, 1, 1, 1, 1, 1, 1
1.17342704166667, 1, 1, 1, 1, 1, 1, 1, 1
1.17345516666667, 0, 1, 1, 1, 1, 1, 1, 1
1.17347904166667, 1, 1, 1, 1, 1, 1, 1, 1
1.17350720833333, 0, 1, 1, 1, 1, 1, 1, 1
1.17353104166667, 1, 1, 1, 1, 1, 1, 1, 1
1.17355920833333, 0, 1, 1, 1, 1, 1, 1, 1
1.17368708333333, 1, 1, 1, 1, 1, 1, 1, 1
1.17371525, 0, 1, 1, 1, 1, 1, 1, 1
1.17373904166667, 1, 1, 1, 1, 1, 1, 1, 1
1.17376720833333, 0, 1, 1, 1, 1, 1, 1, 1
1.17381708333333, 1, 1, 1, 1, 1, 1, 1, 1
1.17384525, 0, 1, 1, 1, 1, 1, 1, 1
1.17386908333333, 1, 1, 1, 1, 1, 1, 1, 1
1.17402725, 0, 1, 1, 1, 1, 1, 1, 1
1.17405108333333, 1, 1, 1, 1, 1, 1, 1, 1
1.17407929166667, 0, 1, 1, 1, 1, 1, 1, 1
1.17415508333333, 1, 1, 1, 1, 1, 1, 1, 1
1.17418325, 0, 1, 1, 1, 1, 1, 1, 1
1.17420708333333, 1, 1, 1, 1, 1, 1, 1, 1
1.17423525, 0, 1, 1, 1, 1, 1, 1, 1
1.174259125, 1, 1, 1, 1, 1, 1, 1, 1
1.17428725, 0, 1, 1, 1, 1, 1, 1, 1
1.174441125, 1, 1, 1, 1, 1, 1, 1, 1
1.17446933333333, 0, 1, 1, 1, 1, 1, 1, 1
1.174493125, 1, 1, 1, 1, 1, 1, 1, 1
1.17454733333333, 0, 1, 1, 1, 1, 1, 1, 1
1.17477916666667, 1, 1, 1, 1, 1, 1, 1, 1
1.17480733333333, 0, 1, 1, 1, 1, 1, 1, 1
1.17485720833333, 1, 1, 1, 1, 1, 1, 1, 1
1.17488533333333, 0, 1, 1, 1, 1, 1, 1, 1
1.17490916666667, 1, 1, 1, 1, 1, 1, 1, 1
1.174937375, 0, 1, 1, 1, 1, 1, 1, 1
1.17503916666667, 1, 1, 1, 1, 1, 1, 1, 1
1.175067375, 0, 1, 1, 1, 1, 1, 1, 1
1.17529920833333, 1, 1, 1, 1, 1, 1, 1, 1
1.175327375, 0, 1, 1, 1, 1, 1, 1, 1
1.17535120833333, 1, 1, 1, 1, 1, 1, 1, 1
1.175405375, 0, 1, 1, 1, 1, 1, 1, 1
1.17542920833333, 1, 1, 1, 1, 1, 1, 1, 1
1.17545741666667, 0, 1, 1, 1, 1, 1, 1, 1
1.17555925, 1, 1, 1, 1, 1, 1, 1, 1
1.175587375, 0, 1, 1, 1, 1, 1, 1, 1
1.17576725, 1, 1, 1, 1, 1, 1, 1, 1
1.17584745833333, 0, 1, 1, 1, 1, 1, 1, 1
1.17589729166667, 1, 1, 1, 1, 1, 1, 1, 1
1.17597741666667, 0, 1, 1, 1, 1, 1, 1, 1
1.17607929166667, 1, 1, 1, 1, 1, 1, 1, 1
1.17610745833333, 0, 1, 1, 1, 1, 1, 1, 1
1.17623533333333, 1, 1, 1, 1, 1, 1, 1, 1
1.17626341666667, 0, 1, 1, 1, 1, 1, 1, 1
1.17633933333333, 1, 1, 1, 1, 1, 1, 1, 1
1.1763675, 0, 1, 1, 1, 1, 1, 1, 1
1.17639133333333, 1, 1, 1, 1, 1, 1, 1, 1
1.1764455, 0, 1, 1, 1, 1, 1, 1, 1
1.176469375, 1, 1, 1, 1, 1, 1, 1, 1
1.17649745833333, 0, 1, 1, 1, 1, 1, 1, 1
1.176599375, 1, 1, 1, 1, 1, 1, 1, 1
1.1766275, 0, 1, 1, 1, 1, 1, 1, 1
1.17685933333333, 1, 1, 1, 1, 1, 1, 1, 1
1.17688758333333, 0, 1, 1, 1, 1, 1, 1, 1
1.176911375, 1, 1, 1, 1, 1, 1, 1, 1
1.17696558333333, 0, 1, 1, 1, 1, 1, 1, 1
1.17698941666667, 1, 1, 1, 1, 1, 1, 1, 1
1.17701754166667, 0, 1, 1, 1, 1, 1, 1, 1
1.17711941666667, 1, 1, 1, 1, 1, 1, 1, 1
1.17714754166667, 0, 1, 1, 1, 1, 1, 1, 1
1.17724941666667, 1, 1, 1, 1, 1, 1, 1, 1
1.177407625, 0, 1, 1, 1, 1, 1, 1, 1
1.17763945833333, 1, 1, 1, 1, 1, 1, 1, 1
1.17766758333333, 0, 1, 1, 1, 1, 1, 1, 1
1.1778995, 1, 1, 1, 1, 1, 1, 1, 1
1.177927625, 0, 1, 1, 1, 1, 1, 1, 1
1.1781595, 1, 1, 1, 1, 1, 1, 1, 1
1.17818770833333, 0, 1, 1, 1, 1, 1, 1, 1
1.17841954166667, 1, 1, 1, 1, 1, 1, 1, 1
1.17844766666667, 0, 1, 1, 1, 1, 1, 1, 1
1.17847154166667, 1, 1, 1, 1, 1, 1, 1, 1
1.17849966666667, 0, 1, 1, 1, 1, 1, 1, 1
1.17854954166667, 1, 1, 1, 1, 1, 1, 1, 1
1.17857770833333, 0, 1, 1, 1, 1, 1, 1, 1
1.17860154166667, 1, 1, 1, 1, 1, 1, 1, 1
1.17862975, 0, 1, 1, 1, 1, 1, 1, 1
1.17865354166667, 1, 1, 1, 1, 1, 1, 1, 1
1.17870775, 0, 1, 1, 1, 1, 1, 1, 1
1.17875758333333, 1, 1, 1, 1, 1, 1, 1, 1
1.17878575, 0, 1, 1, 1, 1, 1, 1, 1
1.17880958333333, 1, 1, 1, 1, 1, 1, 1, 1
1.17886375, 0, 1, 1, 1, 1, 1, 1, 1
1.17891358333333, 1, 1, 1, 1, 1, 1, 1, 1
1.17896775, 0, 1, 1, 1, 1, 1, 1, 1
1.17912158333333, 1, 1, 1, 1, 1, 1, 1, 1
1.17914979166667, 0, 1, 1, 1, 1, 1, 1, 1
1.179173625, 1, 1, 1, 1, 1, 1, 1, 1
1.17922779166667, 0, 1, 1, 1, 1, 1, 1, 1
1.179251625, 1, 1, 1, 1, 1, 1, 1, 1
1.17927975, 0, 1, 1, 1, 1, 1, 1, 1
1.179459625, 1, 1, 1, 1, 1, 1, 1, 1
1.17948779166667, 0, 1, 1, 1, 1, 1, 1, 1
1.179511625, 1, 1, 1, 1, 1, 1, 1, 1
1.17953983333333, 0, 1, 1, 1, 1, 1, 1, 1
1.17964166666667, 1, 1, 1, 1, 1, 1, 1, 1
1.17969583333333, 0, 1, 1, 1, 1, 1, 1, 1
1.179719625, 1, 1, 1, 1, 1, 1, 1, 1
1.17974775, 0, 1, 1, 1, 1, 1, 1, 1
1.17982366666667, 1, 1, 1, 1, 1, 1, 1, 1
1.17987783333333, 0, 1, 1, 1, 1, 1, 1, 1
1.17995370833333, 1, 1, 1, 1, 1, 1, 1, 1
1.18000783333333, 0, 1, 1, 1, 1, 1, 1, 1
1.18013570833333, 1, 1, 1, 1, 1, 1, 1, 1
1.18018983333333, 0, 1, 1, 1, 1, 1, 1, 1
1.18021370833333, 1, 1, 1, 1, 1, 1, 1, 1
1.180267875, 0, 1, 1, 1, 1, 1, 1, 1
1.18029170833333, 1, 1, 1, 1, 1, 1, 1, 1
1.180345875, 0, 1, 1, 1, 1, 1, 1, 1
1.18036975, 1, 1, 1, 1, 1, 1, 1, 1
1.180397875, 0, 1, 1, 1, 1, 1, 1, 1
1.18047375, 1, 1, 1, 1, 1, 1, 1, 1
1.18052791666667, 0, 1, 1, 1, 1, 1, 1, 1
1.18055175, 1, 1, 1, 1, 1, 1, 1, 1
1.18060595833333, 0, 1, 1, 1, 1, 1, 1, 1
1.18065575, 1, 1, 1, 1, 1, 1, 1, 1
1.18068395833333, 0, 1, 1, 1, 1, 1, 1, 1
1.18075979166667, 1, 1, 1, 1, 1, 1, 1, 1
1.18078791666667, 0, 1, 1, 1, 1, 1, 1, 1
1.18086379166667, 1, 1, 1, 1, 1, 1, 1, 1
1.18091795833333, 0, 1, 1, 1, 1, 1, 1, 1
1.18099379166667, 1, 1, 1, 1, 1, 1, 1, 1
1.181048, 0, 1, 1, 1, 1, 1, 1, 1
1.18112379166667, 1, 1, 1, 1, 1, 1, 1, 1
1.18115195833333, 0, 1, 1, 1, 1, 1, 1, 1
1.18127983333333, 1, 1, 1, 1, 1, 1, 1, 1
1.181308, 0, 1, 1, 1, 1, 1, 1, 1
1.18140983333333, 1, 1, 1, 1, 1, 1, 1, 1
1.181438, 0, 1, 1, 1, 1, 1, 1, 1
1.181539875, 1, 1, 1, 1, 1, 1, 1, 1
1.47258604166667, 0, 1, 1, 1, 1, 1, 1, 1
1.47266191666667, 1, 1, 1, 1, 1, 1, 1, 1
1.47271608333333, 0, 1, 1, 1, 1, 1, 1, 1
1.47276591666667, 1, 1, 1, 1, 1, 1, 1, 1
1.47279408333333, 0, 1, 1, 1, 1, 1, 1, 1
1.472817875, 1, 1, 1, 1, 1, 1, 1, 1
1.47284604166667, 0, 1, 1, 1, 1, 1, 1, 1
1.47286991666667, 1, 1, 1, 1, 1, 1, 1, 1
1.47292404166667, 0, 1, 1, 1, 1, 1, 1, 1
1.47302595833333, 1, 1, 1, 1, 1, 1, 1, 1
1.47305408333333, 0, 1, 1, 1, 1, 1, 1, 1
1.47307791666667, 1, 1, 1, 1, 1, 1, 1, 1
1.473106125, 0, 1, 1, 1, 1, 1, 1, 1
1.47312995833333, 1, 1, 1, 1, 1, 1, 1, 1
1.473184125, 0, 1, 1, 1, 1, 1, 1, 1
1.47323395833333, 1, 1, 1, 1, 1, 1, 1, 1
1.473262125, 0, 1, 1, 1, 1, 1, 1, 1
1.47328591666667, 1, 1, 1, 1, 1, 1, 1, 1
1.47331416666667, 0, 1, 1, 1, 1, 1, 1, 1
1.47333795833333, 1, 1, 1, 1, 1, 1, 1, 1
1.47336608333333, 0, 1, 1, 1, 1, 1, 1, 1
1.47338995833333, 1, 1, 1, 1, 1, 1, 1, 1
1.47341816666667, 0, 1, 1, 1, 1, 1, 1, 1
1.473546, 1, 1, 1, 1, 1, 1, 1, 1
1.473574125, 0, 1, 1, 1, 1, 1, 1, 1
1.473598, 1, 1, 1, 1, 1, 1, 1, 1
1.47362616666667, 0, 1, 1, 1, 1, 1, 1, 1
1.473676, 1, 1, 1, 1, 1, 1, 1, 1
1.47370416666667, 0, 1, 1, 1, 1, 1, 1, 1
1.473728, 1, 1, 1, 1, 1, 1, 1, 1
1.47388616666667, 0, 1, 1, 1, 1, 1, 1, 1
1.47391, 1, 1, 1, 1, 1, 1, 1, 1
1.47393820833333, 0, 1, 1, 1, 1, 1, 1, 1
1.47401404166667, 1, 1, 1, 1, 1, 1, 1, 1
1.47404216666667, 0, 1, 1, 1, 1, 1, 1, 1
1.47406604166667, 1, 1, 1, 1, 1, 1, 1, 1
1.47409420833333, 0, 1, 1, 1, 1, 1, 1, 1
1.47411804166667, 1, 1, 1, 1, 1, 1, 1, 1
1.47414620833333, 0, 1, 1, 1, 1, 1, 1, 1
1.47430008333333, 1, 1, 1, 1, 1, 1, 1, 1
1.47432820833333, 0, 1, 1, 1, 1, 1, 1, 1
1.47435204166667, 1, 1, 1, 1, 1, 1, 1, 1
1.47440625, 0, 1, 1, 1, 1, 1, 1, 1
1.47463808333333, 1, 1, 1, 1, 1, 1, 1, 1
1.47466629166667, 0, 1, 1, 1, 1, 1, 1, 1
1.47471608333333, 1, 1, 1, 1, 1, 1, 1, 1
1.47474425, 0, 1, 1, 1, 1, 1, 1, 1
1.474768125, 1, 1, 1, 1, 1, 1, 1, 1
1.47479625, 0, 1, 1, 1, 1, 1, 1, 1
1.474898125, 1, 1, 1, 1, 1, 1, 1, 1
1.47492629166667, 0, 1, 1, 1, 1, 1, 1, 1
1.47515816666667, 1, 1, 1, 1, 1, 1, 1, 1
1.47518629166667, 0, 1, 1, 1, 1, 1, 1, 1
1.47521016666667, 1, 1, 1, 1, 1, 1, 1, 1
1.47526433333333, 0, 1, 1, 1, 1, 1, 1, 1
1.47528816666667, 1, 1, 1, 1, 1, 1, 1, 1
1.47531633333333, 0, 1, 1, 1, 1, 1, 1, 1
1.47541816666667, 1, 1, 1, 1, 1, 1, 1, 1
1.475446375, 0, 1, 1, 1, 1, 1, 1, 1
1.47562620833333, 1, 1, 1, 1, 1, 1, 1, 1
1.475706375, 0, 1, 1, 1, 1, 1, 1, 1
1.47575620833333, 1, 1, 1, 1, 1, 1, 1, 1
1.475836375, 0, 1, 1, 1, 1, 1, 1, 1
1.47593820833333, 1, 1, 1, 1, 1, 1, 1, 1
1.47596641666667, 0, 1, 1, 1, 1, 1, 1, 1
1.47609425, 1, 1, 1, 1, 1, 1, 1, 1
1.47612241666667, 0, 1, 1, 1, 1, 1, 1, 1
1.47619825, 1, 1, 1, 1, 1, 1, 1, 1
1.47622641666667, 0, 1, 1, 1, 1, 1, 1, 1
1.47625025, 1, 1, 1, 1, 1, 1, 1, 1
1.47630441666667, 0, 1, 1, 1, 1, 1, 1, 1
1.47632825, 1, 1, 1, 1, 1, 1, 1, 1
1.47635641666667, 0, 1, 1, 1, 1, 1, 1, 1
1.47645829166667, 1, 1, 1, 1, 1, 1, 1, 1
1.47648645833333, 0, 1, 1, 1, 1, 1, 1, 1
1.47671829166667, 1, 1, 1, 1, 1, 1, 1, 1
1.47674645833333, 0, 1, 1, 1, 1, 1, 1, 1
1.47677033333333, 1, 1, 1, 1, 1, 1, 1, 1
1.47682445833333, 0, 1, 1, 1, 1, 1, 1, 1
1.47684833333333, 1, 1, 1, 1, 1, 1, 1, 1
1.47687645833333, 0, 1, 1, 1, 1, 1, 1, 1
1.47697833333333, 1, 1, 1, 1, 1, 1, 1, 1
1.47700645833333, 0, 1, 1, 1, 1, 1, 1, 1
1.47710833333333, 1, 1, 1, 1, 1, 1, 1, 1
1.47726654166667, 0, 1, 1, 1, 1, 1, 1, 1
1.477498375, 1, 1, 1, 1, 1, 1, 1, 1
1.47752654166667, 0, 1, 1, 1, 1, 1, 1, 1
1.47775841666667, 1, 1, 1, 1, 1, 1, 1, 1
1.47778658333333, 0, 1, 1, 1, 1, 1, 1, 1
1.47801841666667, 1, 1, 1, 1, 1, 1, 1, 1
1.47804658333333, 0, 1, 1, 1, 1, 1, 1, 1
1.4782785, 1, 1, 1, 1, 1, 1, 1, 1
1.47830658333333, 0, 1, 1, 1, 1, 1, 1, 1
1.47833045833333, 1, 1, 1, 1, 1, 1, 1, 1
1.47835858333333, 0, 1, 1, 1, 1, 1, 1, 1
1.47840845833333, 1, 1, 1, 1, 1, 1, 1, 1
1.478436625, 0, 1, 1, 1, 1, 1, 1, 1
1.4784605, 1, 1, 1, 1, 1, 1, 1, 1
1.478488625, 0, 1, 1, 1, 1, 1, 1, 1
1.4785125, 1, 1, 1, 1, 1, 1, 1, 1
1.47856666666667, 0, 1, 1, 1, 1, 1, 1, 1
1.4786165, 1, 1, 1, 1, 1, 1, 1, 1
1.478644625, 0, 1, 1, 1, 1, 1, 1, 1
1.4786685, 1, 1, 1, 1, 1, 1, 1, 1
1.47872266666667, 0, 1, 1, 1, 1, 1, 1, 1
1.4787725, 1, 1, 1, 1, 1, 1, 1, 1
1.47882670833333, 0, 1, 1, 1, 1, 1, 1, 1
1.47898054166667, 1, 1, 1, 1, 1, 1, 1, 1
1.47900866666667, 0, 1, 1, 1, 1, 1, 1, 1
1.47903254166667, 1, 1, 1, 1, 1, 1, 1, 1
1.47908670833333, 0, 1, 1, 1, 1, 1, 1, 1
1.47911054166667, 1, 1, 1, 1, 1, 1, 1, 1
1.47913875, 0, 1, 1, 1, 1, 1, 1, 1
1.47931858333333, 1, 1, 1, 1, 1, 1, 1, 1
1.47934670833333, 0, 1, 1, 1, 1, 1, 1, 1
1.47937058333333, 1, 1, 1, 1, 1, 1, 1, 1
1.47939870833333, 0, 1, 1, 1, 1, 1, 1, 1
1.47950058333333, 1, 1, 1, 1, 1, 1, 1, 1
1.47955475, 0, 1, 1, 1, 1, 1, 1, 1
1.47957858333333, 1, 1, 1, 1, 1, 1, 1, 1
1.47960679166667, 0, 1, 1, 1, 1, 1, 1, 1
1.479682625, 1, 1, 1, 1, 1, 1, 1, 1
1.47973670833333, 0, 1, 1, 1, 1, 1, 1, 1
1.479812625, 1, 1, 1, 1, 1, 1, 1, 1
1.47986679166667, 0, 1, 1, 1, 1, 1, 1, 1
1.479994625, 1, 1, 1, 1, 1, 1, 1, 1
1.48004883333333, 0, 1, 1, 1, 1, 1, 1, 1
1.48007266666667, 1, 1, 1, 1, 1, 1, 1, 1
1.48012683333333, 0, 1, 1, 1, 1, 1, 1, 1
1.48015066666667, 1, 1, 1, 1, 1, 1, 1, 1
1.48020483333333, 0, 1, 1, 1, 1, 1, 1, 1
1.48022866666667, 1, 1, 1, 1, 1, 1, 1, 1
1.48025679166667, 0, 1, 1, 1, 1, 1, 1, 1
1.48033266666667, 1, 1, 1, 1, 1, 1, 1, 1
1.48038683333333, 0, 1, 1, 1, 1, 1, 1, 1
1.48041066666667, 1, 1, 1, 1, 1, 1, 1, 1
1.48046483333333, 0, 1, 1, 1, 1, 1, 1, 1
1.48051470833333, 1, 1, 1, 1, 1, 1, 1, 1
1.48054283333333, 0, 1, 1, 1, 1, 1, 1, 1
1.48061866666667, 1, 1, 1, 1, 1, 1, 1, 1
1.48064683333333, 0, 1, 1, 1, 1, 1, 1, 1
1.48072270833333, 1, 1, 1, 1, 1, 1, 1, 1
1.480776875, 0, 1, 1, 1, 1, 1, 1, 1
1.48085270833333, 1, 1, 1, 1, 1, 1, 1, 1
1.48090691666667, 0, 1, 1, 1, 1, 1, 1, 1
1.48098275, 1, 1, 1, 1, 1, 1, 1, 1
1.481010875, 0, 1, 1, 1, 1, 1, 1, 1
1.48113875, 1, 1, 1, 1, 1, 1, 1, 1
1.48116691666667, 0, 1, 1, 1, 1, 1, 1, 1
1.48126875, 1, 1, 1, 1, 1, 1, 1, 1
1.48129691666667, 0, 1, 1, 1, 1, 1, 1, 1
1.48139879166667, 1, 1, 1, 1, 1, 1, 1, 1
1.772787875, 0, 1, 1, 1, 1, 1, 1, 1
1.77286370833333, 1, 1, 1, 1, 1, 1, 1, 1
1.77291791666667, 0, 1, 1, 1, 1, 1, 1, 1
1.77296775, 1, 1, 1, 1, 1, 1, 1, 1
1.772995875, 0, 1, 1, 1, 1, 1, 1, 1
1.77301975, 1, 1, 1, 1, 1, 1, 1, 1
1.773047875, 0, 1, 1, 1, 1, 1, 1, 1
1.77307175, 1, 1, 1, 1, 1, 1, 1, 1
1.77312595833333, 0, 1, 1, 1, 1, 1, 1, 1
1.77322779166667, 1, 1, 1, 1, 1, 1, 1, 1
1.773255875, 0, 1, 1, 1, 1, 1, 1, 1
1.77327975, 1, 1, 1, 1, 1, 1, 1, 1
1.77330791666667, 0, 1, 1, 1, 1, 1, 1, 1
1.77333179166667, 1, 1, 1, 1, 1, 1, 1, 1
1.77338595833333, 0, 1, 1, 1, 1, 1, 1, 1
1.77343579166667, 1, 1, 1, 1, 1, 1, 1, 1
1.77346391666667, 0, 1, 1, 1, 1, 1, 1, 1
1.77348779166667, 1, 1, 1, 1, 1, 1, 1, 1
1.77351595833333, 0, 1, 1, 1, 1, 1, 1, 1
1.77353979166667, 1, 1, 1, 1, 1, 1, 1, 1
1.77356795833333, 0, 1, 1, 1, 1, 1, 1, 1
1.77359183333333, 1, 1, 1, 1, 1, 1, 1, 1
1.77361995833333, 0, 1, 1, 1, 1, 1, 1, 1
1.77374783333333, 1, 1, 1, 1, 1, 1, 1, 1
1.77377595833333, 0, 1, 1, 1, 1, 1, 1, 1
1.77379983333333, 1, 1, 1, 1, 1, 1, 1, 1
1.773828, 0, 1, 1, 1, 1, 1, 1, 1
1.77387783333333, 1, 1, 1, 1, 1, 1, 1, 1
1.773906, 0, 1, 1, 1, 1, 1, 1, 1
1.77392983333333, 1, 1, 1, 1, 1, 1, 1, 1
1.774088, 0, 1, 1, 1, 1, 1, 1, 1
1.774111875, 1, 1, 1, 1, 1, 1, 1, 1
1.77414004166667, 0, 1, 1, 1, 1, 1, 1, 1
1.774215875, 1, 1, 1, 1, 1, 1, 1, 1
1.774244, 0, 1, 1, 1, 1, 1, 1, 1
1.774267875, 1, 1, 1, 1, 1, 1, 1, 1
1.774296, 0, 1, 1, 1, 1, 1, 1, 1
1.774319875, 1, 1, 1, 1, 1, 1, 1, 1
1.77434804166667, 0, 1, 1, 1, 1, 1, 1, 1
1.774501875, 1, 1, 1, 1, 1, 1, 1, 1
1.77453, 0, 1, 1, 1, 1, 1, 1, 1
1.77455391666667, 1, 1, 1, 1, 1, 1, 1, 1
1.77460808333333, 0, 1, 1, 1, 1, 1, 1, 1
1.77483991666667, 1, 1, 1, 1, 1, 1, 1, 1
1.774868125, 0, 1, 1, 1, 1, 1, 1, 1
1.77491795833333, 1, 1, 1, 1, 1, 1, 1, 1
1.77494608333333, 0, 1, 1, 1, 1, 1, 1, 1
1.77496995833333, 1, 1, 1, 1, 1, 1, 1, 1
1.77499808333333, 0, 1, 1, 1, 1, 1, 1, 1
1.77509995833333, 1, 1, 1, 1, 1, 1, 1, 1
1.775128125, 0, 1, 1, 1, 1, 1, 1, 1
1.77536, 1, 1, 1, 1, 1, 1, 1, 1
1.775388125, 0, 1, 1, 1, 1, 1, 1, 1
1.775412, 1, 1, 1, 1, 1, 1, 1, 1
1.77546608333333, 0, 1, 1, 1, 1, 1, 1, 1
1.77549, 1, 1, 1, 1, 1, 1, 1, 1
1.77551816666667, 0, 1, 1, 1, 1, 1, 1, 1
1.77562, 1, 1, 1, 1, 1, 1, 1, 1
1.77564820833333, 0, 1, 1, 1, 1, 1, 1, 1
1.77582804166667, 1, 1, 1, 1, 1, 1, 1, 1
1.77590816666667, 0, 1, 1, 1, 1, 1, 1, 1
1.77595804166667, 1, 1, 1, 1, 1, 1, 1, 1
1.77603820833333, 0, 1, 1, 1, 1, 1, 1, 1
1.77614004166667, 1, 1, 1, 1, 1, 1, 1, 1
1.77616825, 0, 1, 1, 1, 1, 1, 1, 1
1.77629608333333, 1, 1, 1, 1, 1, 1, 1, 1
1.77632425, 0, 1, 1, 1, 1, 1, 1, 1
1.77640008333333, 1, 1, 1, 1, 1, 1, 1, 1
1.77642825, 0, 1, 1, 1, 1, 1, 1, 1
1.77645208333333, 1, 1, 1, 1, 1, 1, 1, 1
1.77650625, 0, 1, 1, 1, 1, 1, 1, 1
1.77653008333333, 1, 1, 1, 1, 1, 1, 1, 1
1.77655825, 0, 1, 1, 1, 1, 1, 1, 1
1.776660125, 1, 1, 1, 1, 1, 1, 1, 1
1.77668829166667, 0, 1, 1, 1, 1, 1, 1, 1
1.776920125, 1, 1, 1, 1, 1, 1, 1, 1
1.77694833333333, 0, 1, 1, 1, 1, 1, 1, 1
1.776972125, 1, 1, 1, 1, 1, 1, 1, 1
1.77702629166667, 0, 1, 1, 1, 1, 1, 1, 1
1.77705016666667, 1, 1, 1, 1, 1, 1, 1, 1
1.77707833333333, 0, 1, 1, 1, 1, 1, 1, 1
1.77718016666667, 1, 1, 1, 1, 1, 1, 1, 1
1.77720833333333, 0, 1, 1, 1, 1, 1, 1, 1
1.77731020833333, 1, 1, 1, 1, 1, 1, 1, 1
1.777468375, 0, 1, 1, 1, 1, 1, 1, 1
1.77770025, 1, 1, 1, 1, 1, 1, 1, 1
1.77772833333333, 0, 1, 1, 1, 1, 1, 1, 1
1.77796025, 1, 1, 1, 1, 1, 1, 1, 1
1.77798841666667, 0, 1, 1, 1, 1, 1, 1, 1
1.77822029166667, 1, 1, 1, 1, 1, 1, 1, 1
1.77824841666667, 0, 1, 1, 1, 1, 1, 1, 1
1.77848029166667, 1, 1, 1, 1, 1, 1, 1, 1
1.77850845833333, 0, 1, 1, 1, 1, 1, 1, 1
1.77853233333333, 1, 1, 1, 1, 1, 1, 1, 1
1.77856045833333, 0, 1, 1, 1, 1, 1, 1, 1
1.77861033333333, 1, 1, 1, 1, 1, 1, 1, 1
1.77863845833333, 0, 1, 1, 1, 1, 1, 1, 1
1.77866233333333, 1, 1, 1, 1, 1, 1, 1, 1
1.77869045833333, 0, 1, 1, 1, 1, 1, 1, 1
1.77871433333333, 1, 1, 1, 1, 1, 1, 1, 1
1.7787685, 0, 1, 1, 1, 1, 1, 1, 1
1.77881833333333, 1, 1, 1, 1, 1, 1, 1, 1
1.7788465, 0, 1, 1, 1, 1, 1, 1, 1
1.77887033333333, 1, 1, 1, 1, 1, 1, 1, 1
1.7789245, 0, 1, 1, 1, 1, 1, 1, 1
1.778974375, 1, 1, 1, 1, 1, 1, 1, 1
1.77902854166667, 0, 1, 1, 1, 1, 1, 1, 1
1.779182375, 1, 1, 1, 1, 1, 1, 1, 1
1.77921054166667, 0, 1, 1, 1, 1, 1, 1, 1
1.779234375, 1, 1, 1, 1, 1, 1, 1, 1
1.77928854166667, 0, 1, 1, 1, 1, 1, 1, 1
1.779312375, 1, 1, 1, 1, 1, 1, 1, 1
1.7793405, 0, 1, 1, 1, 1, 1, 1, 1
1.77952041666667, 1, 1, 1, 1, 1, 1, 1, 1
1.7795485, 0, 1, 1, 1, 1, 1, 1, 1
1.77957241666667, 1, 1, 1, 1, 1, 1, 1, 1
1.77960058333333, 0, 1, 1, 1, 1, 1, 1, 1
1.77970241666667, 1, 1, 1, 1, 1, 1, 1, 1
1.77975658333333, 0, 1, 1, 1, 1, 1, 1, 1
1.77978041666667, 1, 1, 1, 1, 1, 1, 1, 1
1.779808625, 0, 1, 1, 1, 1, 1, 1, 1
1.77988445833333, 1, 1, 1, 1, 1, 1, 1, 1
1.77993854166667, 0, 1, 1, 1, 1, 1, 1, 1
1.78001445833333, 1, 1, 1, 1, 1, 1, 1, 1
1.780068625, 0, 1, 1, 1, 1, 1, 1, 1
1.7801965, 1, 1, 1, 1, 1, 1, 1, 1
1.78025066666667, 0, 1, 1, 1, 1, 1, 1, 1
1.78027445833333, 1, 1, 1, 1, 1, 1, 1, 1
1.78032866666667, 0, 1, 1, 1, 1, 1, 1, 1
1.7803525, 1, 1, 1, 1, 1, 1, 1, 1
1.78040666666667, 0, 1, 1, 1, 1, 1, 1, 1
1.78043045833333, 1, 1, 1, 1, 1, 1, 1, 1
1.78045866666667, 0, 1, 1, 1, 1, 1, 1, 1
1.78053445833333, 1, 1, 1, 1, 1, 1, 1, 1
1.78058866666667, 0, 1, 1, 1, 1, 1, 1, 1
1.7806125, 1, 1, 1, 1, 1, 1, 1, 1
1.78066666666667, 0, 1, 1, 1, 1, 1, 1, 1
1.78071654166667, 1, 1, 1, 1, 1, 1, 1, 1
1.78074466666667, 0, 1, 1, 1, 1, 1, 1, 1
1.78082054166667, 1, 1, 1, 1, 1, 1, 1, 1
1.78084870833333, 0, 1, 1, 1, 1, 1, 1, 1
1.78092454166667, 1, 1, 1, 1, 1, 1, 1, 1
1.78097866666667, 0, 1, 1, 1, 1, 1, 1, 1
1.78105458333333, 1, 1, 1, 1, 1, 1, 1, 1
1.78110875, 0, 1, 1, 1, 1, 1, 1, 1
1.78118458333333, 1, 1, 1, 1, 1, 1, 1, 1
1.78121270833333, 0, 1, 1, 1, 1, 1, 1, 1
1.78134058333333, 1, 1, 1, 1, 1, 1, 1, 1
1.78136866666667, 0, 1, 1, 1, 1, 1, 1, 1
1.781470625, 1, 1, 1, 1, 1, 1, 1, 1
1.78149875, 0, 1, 1, 1, 1, 1, 1, 1
1.781600625, 1, 1, 1, 1, 1, 1, 1, 1
2.07264683333333, 0, 1, 1, 1, 1, 1, 1, 1
2.07272266666667, 1, 1, 1, 1, 1, 1, 1, 1
2.07277675, 0, 1, 1, 1, 1, 1, 1, 1
2.07282666666667, 1, 1, 1, 1, 1, 1, 1, 1
2.07285479166667, 0, 1, 1, 1, 1, 1, 1, 1
2.07287866666667, 1, 1, 1, 1, 1, 1, 1, 1
2.07290683333333, 0, 1, 1, 1, 1, 1, 1, 1
2.07293066666667, 1, 1, 1, 1, 1, 1, 1, 1
2.072984875, 0, 1, 1, 1, 1, 1, 1, 1
2.07308670833333, 1, 1, 1, 1, 1, 1, 1, 1
2.073114875, 0, 1, 1, 1, 1, 1, 1, 1
2.07313870833333, 1, 1, 1, 1, 1, 1, 1, 1
2.07316683333333, 0, 1, 1, 1, 1, 1, 1, 1
2.07319070833333, 1, 1, 1, 1, 1, 1, 1, 1
2.07324483333333, 0, 1, 1, 1, 1, 1, 1, 1
2.07329470833333, 1, 1, 1, 1, 1, 1, 1, 1
2.07332283333333, 0, 1, 1, 1, 1, 1, 1, 1
2.07334670833333, 1, 1, 1, 1, 1, 1, 1, 1
2.073374875, 0, 1, 1, 1, 1, 1, 1, 1
2.07339870833333, 1, 1, 1, 1, 1, 1, 1, 1
2.07342691666667, 0, 1, 1, 1, 1, 1, 1, 1
2.07345070833333, 1, 1, 1, 1, 1, 1, 1, 1
2.073478875, 0, 1, 1, 1, 1, 1, 1, 1
2.07360675, 1, 1, 1, 1, 1, 1, 1, 1
2.07363491666667, 0, 1, 1, 1, 1, 1, 1, 1
2.07365875, 1, 1, 1, 1, 1, 1, 1, 1
2.073686875, 0, 1, 1, 1, 1, 1, 1, 1
2.07373675, 1, 1, 1, 1, 1, 1, 1, 1
2.07376483333333, 0, 1, 1, 1, 1, 1, 1, 1
2.07378875, 1, 1, 1, 1, 1, 1, 1, 1
2.07394695833333, 0, 1, 1, 1, 1, 1, 1, 1
2.07397079166667, 1, 1, 1, 1, 1, 1, 1, 1
2.07399891666667, 0, 1, 1, 1, 1, 1, 1, 1
2.07407479166667, 1, 1, 1, 1, 1, 1, 1, 1
2.07410295833333, 0, 1, 1, 1, 1, 1, 1, 1
2.07412679166667, 1, 1, 1, 1, 1, 1, 1, 1
2.07415495833333, 0, 1, 1, 1, 1, 1, 1, 1
2.07417879166667, 1, 1, 1, 1, 1, 1, 1, 1
2.07420695833333, 0, 1, 1, 1, 1, 1, 1, 1
2.07436083333333, 1, 1, 1, 1, 1, 1, 1, 1
2.074389, 0, 1, 1, 1, 1, 1, 1, 1
2.07441283333333, 1, 1, 1, 1, 1, 1, 1, 1
2.07446695833333, 0, 1, 1, 1, 1, 1, 1, 1
2.074698875, 1, 1, 1, 1, 1, 1, 1, 1
2.07472704166667, 0, 1, 1, 1, 1, 1, 1, 1
2.074776875, 1, 1, 1, 1, 1, 1, 1, 1
2.07480504166667, 0, 1, 1, 1, 1, 1, 1, 1
2.074828875, 1, 1, 1, 1, 1, 1, 1, 1
2.07485704166667, 0, 1, 1, 1, 1, 1, 1, 1
2.074958875, 1, 1, 1, 1, 1, 1, 1, 1
2.07498704166667, 0, 1, 1, 1, 1, 1, 1, 1
2.07521891666667, 1, 1, 1, 1, 1, 1, 1, 1
2.07524708333333, 0, 1, 1, 1, 1, 1, 1, 1
2.07527091666667, 1, 1, 1, 1, 1, 1, 1, 1
2.075325125, 0, 1, 1, 1, 1, 1, 1, 1
2.07534891666667, 1, 1, 1, 1, 1, 1, 1, 1
2.07537708333333, 0, 1, 1, 1, 1, 1, 1, 1
2.07547895833333, 1, 1, 1, 1, 1, 1, 1, 1
2.075507125, 0, 1, 1, 1, 1, 1, 1, 1
2.07568695833333, 1, 1, 1, 1, 1, 1, 1, 1
2.07576716666667, 0, 1, 1, 1, 1, 1, 1, 1
2.07581695833333, 1, 1, 1, 1, 1, 1, 1, 1
2.075897125, 0, 1, 1, 1, 1, 1, 1, 1
2.075999, 1, 1, 1, 1, 1, 1, 1, 1
2.07602716666667, 0, 1, 1, 1, 1, 1, 1, 1
2.076155, 1, 1, 1, 1, 1, 1, 1, 1
2.07618316666667, 0, 1, 1, 1, 1, 1, 1, 1
2.076259, 1, 1, 1, 1, 1, 1, 1, 1
2.07628720833333, 0, 1, 1, 1, 1, 1, 1, 1
2.076311, 1, 1, 1, 1, 1, 1, 1, 1
2.07636520833333, 0, 1, 1, 1, 1, 1, 1, 1
2.07638904166667, 1, 1, 1, 1, 1, 1, 1, 1
2.07641716666667, 0, 1, 1, 1, 1, 1, 1, 1
2.07651904166667, 1, 1, 1, 1, 1, 1, 1, 1
2.07654720833333, 0, 1, 1, 1, 1, 1, 1, 1
2.07677908333333, 1, 1, 1, 1, 1, 1, 1, 1
2.07680725, 0, 1, 1, 1, 1, 1, 1, 1
2.07683108333333, 1, 1, 1, 1, 1, 1, 1, 1
2.07688520833333, 0, 1, 1, 1, 1, 1, 1, 1
2.07690908333333, 1, 1, 1, 1, 1, 1, 1, 1
2.07693725, 0, 1, 1, 1, 1, 1, 1, 1
2.07703908333333, 1, 1, 1, 1, 1, 1, 1, 1
2.07706729166667, 0, 1, 1, 1, 1, 1, 1, 1
2.07716908333333, 1, 1, 1, 1, 1, 1, 1, 1
2.07732725, 0, 1, 1, 1, 1, 1, 1, 1
2.07755916666667, 1, 1, 1, 1, 1, 1, 1, 1
2.07758729166667, 0, 1, 1, 1, 1, 1, 1, 1
2.07781916666667, 1, 1, 1, 1, 1, 1, 1, 1
2.07784733333333, 0, 1, 1, 1, 1, 1, 1, 1
2.07807920833333, 1, 1, 1, 1, 1, 1, 1, 1
2.078107375, 0, 1, 1, 1, 1, 1, 1, 1
2.07833920833333, 1, 1, 1, 1, 1, 1, 1, 1
2.078367375, 0, 1, 1, 1, 1, 1, 1, 1
2.07839120833333, 1, 1, 1, 1, 1, 1, 1, 1
2.078419375, 0, 1, 1, 1, 1, 1, 1, 1
2.07846925, 1, 1, 1, 1, 1, 1, 1, 1
2.07849741666667, 0, 1, 1, 1, 1, 1, 1, 1
2.07852125, 1, 1, 1, 1, 1, 1, 1, 1
2.078549375, 0, 1, 1, 1, 1, 1, 1, 1
2.07857325, 1, 1, 1, 1, 1, 1, 1, 1
2.078627375, 0, 1, 1, 1, 1, 1, 1, 1
2.07867725, 1, 1, 1, 1, 1, 1, 1, 1
2.07870541666667, 0, 1, 1, 1, 1, 1, 1, 1
2.07872925, 1, 1, 1, 1, 1, 1, 1, 1
2.07878341666667, 0, 1, 1, 1, 1, 1, 1, 1
2.07883325, 1, 1, 1, 1, 1, 1, 1, 1
2.07888741666667, 0, 1, 1, 1, 1, 1, 1, 1
2.07904129166667, 1, 1, 1, 1, 1, 1, 1, 1
2.07906941666667, 0, 1, 1, 1, 1, 1, 1, 1
2.07909329166667, 1, 1, 1, 1, 1, 1, 1, 1
2.07914741666667, 0, 1, 1, 1, 1, 1, 1, 1
2.07917129166667, 1, 1, 1, 1, 1, 1, 1, 1
2.07919945833333, 0, 1, 1, 1, 1, 1, 1, 1
2.07937933333333, 1, 1, 1, 1, 1, 1, 1, 1
2.0794075, 0, 1, 1, 1, 1, 1, 1, 1
2.07943133333333, 1, 1, 1, 1, 1, 1, 1, 1
2.0794595, 0, 1, 1, 1, 1, 1, 1, 1
2.079561375, 1, 1, 1, 1, 1, 1, 1, 1
2.0796155, 0, 1, 1, 1, 1, 1, 1, 1
2.079639375, 1, 1, 1, 1, 1, 1, 1, 1
2.0796675, 0, 1, 1, 1, 1, 1, 1, 1
2.07974333333333, 1, 1, 1, 1, 1, 1, 1, 1
2.07979754166667, 0, 1, 1, 1, 1, 1, 1, 1
2.079873375, 1, 1, 1, 1, 1, 1, 1, 1
2.07992758333333, 0, 1, 1, 1, 1, 1, 1, 1
2.08005541666667, 1, 1, 1, 1, 1, 1, 1, 1
2.08010954166667, 0, 1, 1, 1, 1, 1, 1, 1
2.080133375, 1, 1, 1, 1, 1, 1, 1, 1
2.08018758333333, 0, 1, 1, 1, 1, 1, 1, 1
2.08021141666667, 1, 1, 1, 1, 1, 1, 1, 1
2.08026558333333, 0, 1, 1, 1, 1, 1, 1, 1
2.08028941666667, 1, 1, 1, 1, 1, 1, 1, 1
2.080317625, 0, 1, 1, 1, 1, 1, 1, 1
2.08039341666667, 1, 1, 1, 1, 1, 1, 1, 1
2.08044754166667, 0, 1, 1, 1, 1, 1, 1, 1
2.08047145833333, 1, 1, 1, 1, 1, 1, 1, 1
2.08052558333333, 0, 1, 1, 1, 1, 1, 1, 1
2.08057545833333, 1, 1, 1, 1, 1, 1, 1, 1
2.08060358333333, 0, 1, 1, 1, 1, 1, 1, 1
2.08067945833333, 1, 1, 1, 1, 1, 1, 1, 1
2.08070766666667, 0, 1, 1, 1, 1, 1, 1, 1
2.0807835, 1, 1, 1, 1, 1, 1, 1, 1
2.08083766666667, 0, 1, 1, 1, 1, 1, 1, 1
2.0809135, 1, 1, 1, 1, 1, 1, 1, 1
2.08096758333333, 0, 1, 1, 1, 1, 1, 1, 1
2.0810435, 1, 1, 1, 1, 1, 1, 1, 1
2.08107166666667, 0, 1, 1, 1, 1, 1, 1, 1
2.0811995, 1, 1, 1, 1, 1, 1, 1, 1
2.08122770833333, 0, 1, 1, 1, 1, 1, 1, 1
2.08132954166667, 1, 1, 1, 1, 1, 1, 1, 1
2.08135766666667, 0, 1, 1, 1, 1, 1, 1, 1
2.08145954166667, 1, 1, 1, 1, 1, 1, 1, 1
